コンデションID,コンディション名称,項目順序,コンディション項目ID,コンディション値,コンディションラベル,登録担当者,登録日付,更新担当者,更新時間
"COD_TYUSYUTU_ZYOUKEN_KBN02","抽出条件区分02","1","TOK","0","得意先","fsol09","2011/03/23 17:56:18","fsol09","2011/03/23 17:56:18"
"COD_TYUSYUTU_ZYOUKEN_KBN02","抽出条件区分02","2","SEIKYU_SAKI","1","請求先","fsol09","2011/03/23 17:56:18","fsol09","2011/03/23 17:56:18"
"COD_AITESAKI_KBN01","相手先区分01","1","TYOKUHAN","01","直販","fsol05","2009/03/23 20:12:58","fsol14","2009/12/02 14:16:50"
"COD_AITESAKI_KBN01","相手先区分01","2","TYUKAI","02","卸仲介","fsol05","2009/03/23 20:12:58","fsol14","2009/12/02 14:16:50"
"COD_AITESAKI_KBN01","相手先区分01","3","ZISYA","03","卸自社","fsol05","2009/03/23 20:12:58","fsol14","2009/12/02 14:16:50"
"COD_AITESAKI_KBN02","相手先区分02","1","TYUKAI","02","卸仲介","fsol05","2009/03/23 20:12:58","fsol14","2009/12/02 14:17:21"
"COD_AITESAKI_KBN02","相手先区分02","2","ZISYA","03","卸自社","fsol05","2009/03/23 20:12:58","fsol14","2009/12/02 14:17:21"
"COD_AKIKOUZA_SRH_KBN01","空き口座検索区分01","1","ALL","0","全て","fsol10","2011/01/06 22:40:34","fsol10","2011/01/06 22:40:34"
"COD_AKIKOUZA_SRH_KBN01","空き口座検索区分01","2","AKIKOZA_NOMI","1","空き口座のみ","fsol10","2011/01/06 22:40:34","fsol10","2011/01/06 22:40:34"
"COD_ALL_OUT_KBN01","全出力区分01","1","NASI","0","しない","fsol10","2011/01/06 22:40:34","fsol10","2011/01/06 22:40:34"
"COD_ALL_OUT_KBN01","全出力区分01","2","ARI","1","する","fsol10","2011/01/06 22:40:34","fsol10","2011/01/06 22:40:34"
"COD_ANZEN_SETTI_KBN01","安全設置区分01","1","S","S","S","fsol14","2010/08/03 10:17:20","fsol14","2010/08/03 10:17:20"
"COD_ANZEN_SETTI_KBN01","安全設置区分01","2","D","D","D","fsol14","2010/08/03 10:17:20","fsol14","2010/08/03 10:17:20"
"COD_ANZEN_SETTI_KBN01","安全設置区分01","3","MINYURYOKU","0","未入力","fsol14","2010/08/03 10:17:20","fsol14","2010/08/03 10:17:20"
"COD_ANZEN_SETTI_KBN02","安全設置区分02","1","ALL","ALL","全て","fsol05","2009/09/03 12:50:26","fsol14","2009/12/02 14:17:42"
"COD_ANZEN_SETTI_KBN02","安全設置区分02","2","S","S","S","fsol05","2009/09/03 12:50:26","fsol14","2009/12/02 14:17:42"
"COD_ANZEN_SETTI_KBN02","安全設置区分02","3","D","D","D","fsol05","2009/09/03 12:50:26","fsol14","2009/12/02 14:17:42"
"COD_ANZEN_SETTI_KBN02","安全設置区分02","4","MINYURYOKU","0","未入力","fsol05","2009/09/03 12:50:26","fsol14","2009/12/02 14:17:42"
"COD_BAIKA_SETTEI_KBN01","売価設定区分01","1","TEIRITU","0","定率","lpa00","2008/07/08 10:55:25","fsol14","2009/12/02 14:17:54"
"COD_BAIKA_SETTEI_KBN01","売価設定区分01","2","HATARI","1","本当り","lpa00","2008/07/08 10:55:25","fsol14","2009/12/02 14:17:54"
"COD_BUHIN_SYURUI_CD01","部品種類コード01","1","SINPIN","01","新品","fsol05","2009/03/23 20:12:58","fsol14","2009/12/02 14:18:05"
"COD_BUHIN_SYURUI_CD01","部品種類コード01","2","SAISEI","02","再生（中古）","fsol05","2009/03/23 20:12:58","fsol14","2009/12/02 14:18:05"
"COD_BUHIN_SYURUI_CD01","部品種類コード01","3","ROTATION","03","ローテーション","fsol05","2009/03/23 20:12:58","fsol14","2009/12/02 14:18:05"
"COD_BUHIN_SYURUI_CD01","部品種類コード01","4","EIGYOUSYO_SIKYU","04","営業所支給","fsol05","2009/03/23 20:12:58","fsol14","2009/12/02 14:18:05"
"COD_BUHIN_SYURUI_CD01","部品種類コード01","5","TC_SIKYU","05","ＴＣ支給","fsol05","2009/03/23 20:12:58","fsol14","2009/12/02 14:18:05"
"COD_BUHIN_SYURUI_CD01","部品種類コード01","6","MAKER_SIKYU","06","メーカー支給","fsol05","2009/03/23 20:12:58","fsol14","2009/12/02 14:18:05"
"COD_BUHIN_SYURUI_CD01","部品種類コード01","7","HOKEN","07","保険","fsol05","2009/03/23 20:12:58","fsol14","2009/12/02 14:18:05"
"COD_BUHIN_SYURUI_CD01","部品種類コード01","8","SONOTA","08","その他","fsol05","2009/03/23 20:12:58","fsol14","2009/12/02 14:18:05"
"COD_BUSYO_KBN01","部署区分01","1","EIGYOUSYO","00","営業所","fsol07","2009/10/19 09:04:20","fsol14","2009/12/02 14:18:15"
"COD_BUSYO_KBN01","部署区分01","2","SITEN","01","支店（販社本社）","fsol07","2009/10/19 09:04:20","fsol14","2009/12/02 14:18:15"
"COD_BUSYO_KBN01","部署区分01","3","ZIHANKI_KANRI_CENTER","02","自販機管理センター","fsol07","2009/10/19 09:04:20","fsol14","2009/12/02 14:18:15"
"COD_BUSYO_KBN01","部署区分01","4","ETC","99","その他","fsol07","2009/10/19 09:04:20","fsol14","2009/12/02 14:18:15"
"COD_CALC_ZYOUKEN_KBN01","計算条件区分01","1","NOUNYU_ZISSEKI","0","納入実績","fsol07","2011/02/17 11:08:53","fsol07","2011/02/17 11:08:53"
"COD_CALC_ZYOUKEN_KBN01","計算条件区分01","2","HANBAI_ZISSEKI","1","販売実績","fsol07","2011/02/17 11:08:53","fsol07","2011/02/17 11:08:53"
"COD_CARD_HENKIN_KBN01","カード返金区分01","1","NASI","0","しない","fsol10","2011/01/06 22:40:34","fsol10","2011/01/06 22:40:34"
"COD_CARD_HENKIN_KBN01","カード返金区分01","2","ARI","1","する","fsol10","2011/01/06 22:40:34","fsol10","2011/01/06 22:40:34"
"COD_CHAIN_KBN01","チェーン区分01","1","CVS","0","ＣＶＳ","fsol07","2011/01/26 13:44:42","fsol07","2011/01/26 13:45:08"
"COD_CHAIN_KBN01","チェーン区分01","2","RYOUHAN","1","量販","fsol07","2011/01/26 13:44:42","fsol07","2011/01/26 13:45:08"
"COD_CHAIN_KBN01","チェーン区分01","3","RAILWAY","2","鉄道","fsol07","2011/01/26 13:44:42","fsol07","2011/01/26 13:45:08"
"COD_CHANNEL_BUNRUI01","チャネル分類01","1","TYOKUHAN_RE","1","直販RE","fsol10","2011/01/06 22:40:34","fsol10","2011/01/06 22:59:59"
"COD_CHANNEL_BUNRUI01","チャネル分類01","2","TYOKUHAN_FO","2","直販FO","fsol10","2011/01/06 22:40:34","fsol10","2011/01/06 22:59:59"
"COD_CHANNEL_BUNRUI01","チャネル分類01","3","OROSI","3","卸","fsol10","2011/01/06 22:40:34","fsol10","2011/01/06 22:59:59"
"COD_CHANNEL_BUNRUI01","チャネル分類01","4","SUISIN","4","推進","fsol10","2011/01/06 22:40:34","fsol10","2011/01/06 22:59:59"
"COD_CHANNEL_BUNRUI01","チャネル分類01","5","KAIGAI","5","海外","fsol10","2011/01/06 22:40:34","fsol10","2011/01/06 22:59:59"
"COD_CHANNEL_BUNRUI02","チャネル分類02","1","ALLVALUE","ALLVALUE","全て","fsol10","2011/01/06 22:40:34","fsol10","2011/01/06 22:40:34"
"COD_CHANNEL_BUNRUI02","チャネル分類02","2","TYOKUHAN","1","直販","fsol10","2011/01/06 22:40:34","fsol10","2011/01/06 22:40:34"
"COD_CHANNEL_BUNRUI02","チャネル分類02","3","TYOKUHAN_IGAI","2","直販以外","fsol10","2011/01/06 22:40:34","fsol10","2011/01/06 22:40:34"
"COD_CHANNEL_KBN01","チャネル区分01","1","TYOKUHAN_RE","11","直販ＲＥ","lpa01","2008/05/01 18:37:49","fsol14","2009/12/02 14:18:23"
"COD_CHANNEL_KBN01","チャネル区分01","2","TYOKUHAN_FO","12","直販ＦＯ","lpa01","2008/05/01 18:37:49","fsol14","2009/12/02 14:18:23"
"COD_CHANNEL_KBN01","チャネル区分01","3","MINI_OROISI","13","ミニ卸","lpa01","2008/05/01 18:37:49","fsol14","2009/12/02 14:18:23"
"COD_CHANNEL_KBN01","チャネル区分01","4","OROSI","21","卸","lpa01","2008/05/01 18:37:49","fsol14","2009/12/02 14:18:23"
"COD_CHANNEL_KBN01","チャネル区分01","5","HANSYA","22","販社","lpa01","2008/05/01 18:37:49","fsol14","2009/12/02 14:18:23"
"COD_CHANNEL_KBN01","チャネル区分01","6","SUISIN","31","推進","lpa01","2008/05/01 18:37:49","fsol14","2009/12/02 14:18:23"
"COD_CHANNEL_KBN01","チャネル区分01","7","KOUIKI","32","広域","lpa01","2008/05/01 18:37:49","fsol14","2009/12/02 14:18:23"
"COD_CHANNEL_KBN01","チャネル区分01","8","KAIGAI","41","海外","lpa01","2008/05/01 18:37:49","fsol14","2009/12/02 14:18:23"
"COD_CHANNEL_KBN02","チャネル区分02","1","RE","11","ＲＥ","lpa00","2008/07/08 11:10:05","fsol14","2009/12/02 14:39:49"
"COD_CHANNEL_KBN02","チャネル区分02","2","FO","12","ＦＯ","lpa00","2008/07/08 11:10:05","fsol14","2009/12/02 14:39:49"
"COD_CHANNEL_KBN03","チャネル区分03","1","TYOKUHAN_RE","11","直販ＲＥ","lpa02","2008/12/19 18:33:58","fsol14","2009/12/02 14:39:57"
"COD_CHANNEL_KBN03","チャネル区分03","2","TYOKUHAN_FO","12","直販ＦＯ","lpa02","2008/12/19 18:33:58","fsol14","2009/12/02 14:39:57"
"COD_CHANNEL_KBN03","チャネル区分03","3","MINI_OROISI","13","ミニ卸","lpa02","2008/12/19 18:33:58","fsol14","2009/12/02 14:39:57"
"COD_CHANNEL_KBN03","チャネル区分03","4","OROSI","21","卸","lpa02","2008/12/19 18:33:58","fsol14","2009/12/02 14:39:57"
"COD_CHANNEL_KBN03","チャネル区分03","5","HANSYA","22","販社","lpa02","2008/12/19 18:33:58","fsol14","2009/12/02 14:39:57"
"COD_CHANNEL_KBN03","チャネル区分03","6","SUISIN","31","推進","lpa02","2008/12/19 18:33:58","fsol14","2009/12/02 14:39:57"
"COD_CHANNEL_KBN03","チャネル区分03","7","KOUIKI","32","広域","lpa02","2008/12/19 18:33:58","fsol14","2009/12/02 14:39:57"
"COD_CHANNEL_KBN03","チャネル区分03","8","KAIGAI","41","海外","lpa02","2008/12/19 18:33:58","fsol14","2009/12/02 14:39:57"
"COD_CHANNEL_KBN04","チャネル区分04","1","TYOKUHAN_RE","11","直販ＲＥ","fsol05","2009/03/23 20:12:58","fsol14","2009/12/02 14:40:06"
"COD_CHANNEL_KBN04","チャネル区分04","2","TYOKUHAN_FO","12","直販ＦＯ","fsol05","2009/03/23 20:12:58","fsol14","2009/12/02 14:40:06"
"COD_CHANNEL_KBN04","チャネル区分04","3","MINI_OROISI","13","ミニ卸","fsol05","2009/03/23 20:12:58","fsol14","2009/12/02 14:40:06"
"COD_CHANNEL_KBN04","チャネル区分04","4","OROSI","21","卸","fsol05","2009/03/23 20:12:58","fsol14","2009/12/02 14:40:06"
"COD_CHANNEL_KBN04","チャネル区分04","5","HANSYA","22","販社","fsol05","2009/03/23 20:12:58","fsol14","2009/12/02 14:40:06"
"COD_CHANNEL_KBN04","チャネル区分04","6","SUISIN","31","推進","fsol05","2009/03/23 20:12:58","fsol14","2009/12/02 14:40:06"
"COD_CHANNEL_KBN04","チャネル区分04","7","KOUIKI","32","広域","fsol05","2009/03/23 20:12:58","fsol14","2009/12/02 14:40:06"
"COD_CHANNEL_KBN04","チャネル区分04","8","KAIGAI","41","海外","fsol05","2009/03/23 20:12:58","fsol14","2009/12/02 14:40:06"
"COD_CHANNEL_KBN04","チャネル区分04","9","KYOUTU","99","共通","fsol05","2009/03/23 20:12:58","fsol14","2009/12/02 14:40:06"
"COD_CHECK_KBN01","チェック区分01","1","MIKAN","0","未完","lpa04","2009/10/06 15:51:47","fsol14","2009/12/02 14:40:16"
"COD_CHECK_KBN01","チェック区分01","2","KANRYOU","1","完了","lpa04","2009/10/06 15:51:47","fsol14","2009/12/02 14:40:16"
"COD_COMMON_KBN","共通区分","1","KBN","0","","base02","2009/01/22 22:21:11","base10","2009/01/23 10:52:47"
"COD_CS_BARA_KBN01","ケース／バラ区分01","1","CS","0","ケース","lpa01","2008/08/18 20:28:02","fsol14","2009/12/02 14:41:20"
"COD_CS_BARA_KBN01","ケース／バラ区分01","2","BARA","1","バラ","lpa01","2008/08/18 20:28:02","fsol14","2009/12/02 14:41:20"
"COD_CS_HATARI_KBN01","ケース本当り区分01","1","CS","0","1CSにつき","fsol07","2011/02/17 11:12:31","fsol07","2011/02/17 11:12:31"
"COD_CS_HATARI_KBN01","ケース本当り区分01","2","HATARI","1","1本につき","fsol07","2011/02/17 11:12:31","fsol07","2011/02/17 11:12:31"
"COD_DAIKOU_DATA_KBN01","代行管理データ連携区分01","1","ZIDOU_RENKEI_DATA","0","自動連携データ","sis05","2008/07/10 14:03:35","fsol14","2009/12/02 14:41:31"
"COD_DAIKOU_DATA_KBN01","代行管理データ連携区分01","2","TENYURYOKU_DATA","1","手入力データ","sis05","2008/07/10 14:03:35","fsol14","2009/12/02 14:41:31"
"COD_DAIKOU_REC_KBN01","代行管理レコード区分01","1","MEI_REC","0","明細レコード","sis05","2008/07/10 15:14:42","fsol14","2009/12/02 14:41:39"
"COD_DAIKOU_REC_KBN01","代行管理レコード区分01","2","GOUKEI_REC","1","合計レコード","sis05","2008/07/10 15:14:42","fsol14","2009/12/02 14:41:39"
"COD_DAIKOU_TOUROKU_KBN01","代行管理データ登録区分01","1","NYUKIN_TOUROKU","0","入金登録","sis05","2008/07/04 11:10:15","fsol14","2009/12/02 14:43:24"
"COD_DAIKOU_TOUROKU_KBN01","代行管理データ登録区分01","2","TUIKA_TOUROKU","1","追加登録","sis05","2008/07/04 11:10:15","fsol14","2009/12/02 14:43:24"
"COD_DEL_KBN01","削除区分01","1","YUKO","0","有効","lpa00","2008/07/11 13:00:14","fsol14","2009/12/02 14:43:51"
"COD_DEL_KBN01","削除区分01","2","MUKO","1","無効","lpa00","2008/07/11 13:00:14","fsol14","2009/12/02 14:43:51"
"COD_DENPYOU_HAKKOU_KBN01","伝票発行区分01","1","TUZYOU","0","通常","lpa01","2008/08/18 20:26:07","fsol14","2009/12/02 14:44:00"
"COD_DENPYOU_HAKKOU_KBN01","伝票発行区分01","2","HUYOU","1","不要","lpa01","2008/08/18 20:26:07","fsol14","2009/12/02 14:44:00"
"COD_DENPYOU_HAKKOU_KBN01","伝票発行区分01","3","NIMAI","2","２枚","lpa01","2008/08/18 20:26:07","fsol14","2009/12/02 14:44:00"
"COD_DENPYOU_HAKKOU_KBN01","伝票発行区分01","4","MEI_HITUYOU","3","明細必要","lpa01","2008/08/18 20:26:07","fsol14","2009/12/02 14:44:00"
"COD_EIGYOUKEN_KBN01","営業権区分01","1","ZISYA","0","自社","lpa00","2008/07/08 11:18:38","fsol14","2009/12/02 14:44:24"
"COD_EIGYOUKEN_KBN01","営業権区分01","2","FOLLOWSAKI","1","フォロー先","lpa00","2008/07/08 11:18:38","fsol14","2009/12/02 14:44:24"
"COD_EIGYOUKEN_KBN01","営業権区分01","3","TASYA","2","他社","lpa00","2008/07/08 11:18:38","fsol14","2009/12/02 14:44:24"
"COD_END_KBN01","終了区分01","1","KEIZOKU","0","継続","fsol05","2009/03/23 20:12:58","fsol14","2009/12/02 14:11:24"
"COD_END_KBN01","終了区分01","2","SYURYOU","1","終了","fsol05","2009/03/23 20:12:58","fsol14","2009/12/02 14:11:24"
"COD_FO_AZUKARI_KANRI_KBN01","フルオペ預り金管理区分01","1","NASI","0","しない","fsol10","2011/01/06 22:40:34","fsol10","2011/01/06 22:40:34"
"COD_FO_AZUKARI_KANRI_KBN01","フルオペ預り金管理区分01","2","ARI","1","する","fsol10","2011/01/06 22:40:34","fsol10","2011/01/06 22:40:34"
"COD_FO_AZUKARI_OUT_KBN01","フルオペ預り金管理票出力区分01","1","MIHENKIN","0","未返金抽出","fsol10","2011/01/06 22:40:34","fsol10","2011/01/06 22:40:34"
"COD_FO_AZUKARI_OUT_KBN01","フルオペ預り金管理票出力区分01","2","AZUKARIKIN_RIREKI","1","預り金履歴照会","fsol10","2011/01/06 22:40:34","fsol10","2011/01/06 22:40:34"
"COD_FO_SINSEI_KBN01","申請区分01","1","G2_SINSEI","0","Ｇ申請","base08","2008/12/11 11:12:03","fsol14","2009/12/02 14:44:45"
"COD_FO_SINSEI_KBN01","申請区分01","2","K_L_SINSEI","1","Ｋ申請・Ｌ申請","base08","2008/12/11 11:12:03","fsol14","2009/12/02 14:44:45"
"COD_FO_SINSEI_KBN02","申請区分02","1","G2_SINSEI","0","Ｇ２申請","sis05","2008/07/10 14:46:42","fsol14","2009/12/02 14:44:54"
"COD_FO_SINSEI_KBN02","申請区分02","2","K_SINSEI","1","Ｋ申請","sis05","2008/07/10 14:46:42","fsol14","2009/12/02 14:44:54"
"COD_FO_SINSEI_KBN03","申請区分03","1","J_SINSEI","0","J申請","lpa00","2011/03/09 15:13:08","lpa00","2011/03/09 15:13:08"
"COD_FO_SINSEI_KBN03","申請区分03","2","K_SINSEI","1","K申請","lpa00","2011/03/09 15:13:08","lpa00","2011/03/09 15:13:08"
"COD_FO_SINSEI_KBN03","申請区分03","3","L_SINSEI","2","L申請","lpa00","2011/03/09 15:13:08","lpa00","2011/03/09 15:13:08"
"COD_HAITA_ZYOUKENN01","排他条件区分01","1","AND","00","AND","wt03","2008/05/20 10:58:41","fsol14","2009/12/02 15:33:44"
"COD_HAITA_ZYOUKENN01","排他条件区分01","2","OR","01","OR","wt03","2008/05/20 10:58:41","fsol14","2009/12/02 15:33:44"
"COD_HAKKOU_KBN01","発行区分01","1","HAKKOU_SINAI","0","発行しない","lpa01","2008/08/18 20:35:13","fsol14","2009/12/02 14:45:23"
"COD_HAKKOU_KBN01","発行区分01","2","HAKKOU_SURU","1","発行する","lpa01","2008/08/18 20:35:13","fsol14","2009/12/02 14:45:23"
"COD_HASSOU_SYORI_KBN01","発送処理区分01","1","MI_SYORI","0","未処理","sis05","2008/07/10 14:32:14","fsol14","2009/12/02 14:45:32"
"COD_HASSOU_SYORI_KBN01","発送処理区分01","2","SYORI_SUMI","1","処理済","sis05","2008/07/10 14:32:14","fsol14","2009/12/02 14:45:32"
"COD_HASSOU_SYORI_KBN01","発送処理区分01","3","TAISYOUGAI","9","対象外","sis05","2008/07/10 14:32:14","fsol14","2009/12/02 14:45:32"
"COD_HENKOU_KBN01","変更区分01","1","HENKOU_MAE","0","変更前","fsol14","2008/10/09 14:34:17","fsol14","2009/12/02 14:45:45"
"COD_HENKOU_KBN01","変更区分01","2","HENKOU_ATO","1","変更後","fsol14","2008/10/09 14:34:17","fsol14","2009/12/02 14:45:45"
"COD_HIYOU_HUTAN_KBN01","費用負担区分01","1","YUSYOU","0","有償","fsol10","2011/01/06 22:40:34","fsol10","2011/01/06 22:40:34"
"COD_HIYOU_HUTAN_KBN01","費用負担区分01","2","MUSYOU","1","無償","fsol10","2011/01/06 22:40:34","fsol10","2011/01/06 22:40:34"
"COD_HOUKOKU_ZYOUKYOU01","売上報告書状況区分01","1","HOUKOKU_SYO_OUT","1","報告書出力済","sis05","2008/07/01 13:18:36","fsol14","2009/12/02 14:45:54"
"COD_HOUKOKU_ZYOUKYOU01","売上報告書状況区分01","2","MI_IN","2","未入力","sis05","2008/07/01 13:18:36","fsol14","2009/12/02 14:45:54"
"COD_HOUKOKU_ZYOUKYOU01","売上報告書状況区分01","3","KAKUTEI","3","確定済","sis05","2008/07/01 13:18:36","fsol14","2009/12/02 14:45:54"
"COD_HOUKOKUSYO_KBN01","報告書区分01","1","TUZYOU_SOUKATU_SAKI","0","通常総括先","fsol12","2011/02/22 11:44:59","fsol12","2011/02/24 21:34:49"
"COD_HOUKOKUSYO_KBN01","報告書区分01","2","FO_AZUKARI_SAKI","1","ＦＯ預り先","fsol12","2011/02/22 11:44:59","fsol12","2011/02/24 21:34:49"
"COD_HUNOU_RIYU_KBN01","不能理由区分01","1","SIKIN_HUSOKU","1","資金不足","fsol10","2011/01/06 22:40:33","fsol10","2011/01/06 22:40:34"
"COD_HUNOU_RIYU_KBN01","不能理由区分01","2","TORIHIKI_NASI","2","取引なし","fsol10","2011/01/06 22:40:33","fsol10","2011/01/06 22:40:34"
"COD_HUNOU_RIYU_KBN01","不能理由区分01","3","TEISI_YOKIN_SYA","3","停止（預金者）","fsol10","2011/01/06 22:40:33","fsol10","2011/01/06 22:40:34"
"COD_HUNOU_RIYU_KBN01","不能理由区分01","4","IRAISYO_NASI","4","依頼書なし","fsol10","2011/01/06 22:40:33","fsol10","2011/01/06 22:40:34"
"COD_HUNOU_RIYU_KBN01","不能理由区分01","5","RIYU_5","5","理由５","fsol10","2011/01/06 22:40:33","fsol10","2011/01/06 22:40:34"
"COD_HUNOU_RIYU_KBN01","不能理由区分01","6","RIYU_6","6","理由６","fsol10","2011/01/06 22:40:33","fsol10","2011/01/06 22:40:34"
"COD_HUNOU_RIYU_KBN01","不能理由区分01","7","RIYU_7","7","理由７","fsol10","2011/01/06 22:40:33","fsol10","2011/01/06 22:40:34"
"COD_HUNOU_RIYU_KBN01","不能理由区分01","8","TEISI_ITAKU_SYA","8","停止（委託者）","fsol10","2011/01/06 22:40:33","fsol10","2011/01/06 22:40:34"
"COD_HUNOU_RIYU_KBN01","不能理由区分01","9","ETC","9","その他","fsol10","2011/01/06 22:40:33","fsol10","2011/01/06 22:40:34"
"COD_HUNOU_RIYU_KBN01","不能理由区分01","10","TE_SYUKIN","A","手集金","fsol10","2011/01/06 22:40:33","fsol10","2011/01/06 22:40:34"
"COD_HUNOU_RIYU_KBN01","不能理由区分01","11","TE_SYUKIN_LAST","B","手集金（最終）","fsol10","2011/01/06 22:40:33","fsol10","2011/01/06 22:40:34"
"COD_HURI_TESURYOU_KBN01","振込手数料区分01","1","ZISYA","0","自社負担","lpa00","2008/07/08 11:05:20","fsol14","2009/12/02 14:47:16"
"COD_HURI_TESURYOU_KBN01","振込手数料区分01","2","AITESAKI","1","相手先負担","lpa00","2008/07/08 11:05:20","fsol14","2009/12/02 14:47:16"
"COD_HURI_TESURYOU_KBN02","振込手数料区分02","1","ZISYA","0","振込（手数料自社負担）","fsol07","2011/02/24 22:06:57","fsol07","2011/02/24 22:09:03"
"COD_HURI_TESURYOU_KBN02","振込手数料区分02","2","AITESAKI","1","振込（手数料相手負担）","fsol07","2011/02/24 22:06:57","fsol07","2011/02/24 22:09:03"
"COD_HURISITEIYOUSI_KBN01","振込指定用紙区分01","1","SITEI_NASI","0","指定無し","fsol07","2011/01/26 14:13:52","fsol07","2011/01/26 14:13:52"
"COD_HURISITEIYOUSI_KBN01","振込指定用紙区分01","2","SITEI_ARI","1","指定有り","fsol07","2011/01/26 14:13:52","fsol07","2011/01/26 14:13:52"
"COD_HUTAN_BUSYO_KBN01","負担部署区分01","1","NASI","0","なし","fsol07","2011/01/26 16:05:14","fsol07","2011/01/26 16:05:14"
"COD_HUTAN_BUSYO_KBN01","負担部署区分01","2","ARI","1","あり","fsol07","2011/01/26 16:05:14","fsol07","2011/01/26 16:05:14"
"COD_HUTAN_BUSYO_TOK_KBN01","負担部署得意先区分01","1","NASI","0","なし","fsol07","2011/01/26 15:58:14","fsol07","2011/01/26 15:58:14"
"COD_HUTAN_BUSYO_TOK_KBN01","負担部署得意先区分01","2","BUSYO","1","部署","fsol07","2011/01/26 15:58:14","fsol07","2011/01/26 15:58:14"
"COD_HUTAN_BUSYO_TOK_KBN01","負担部署得意先区分01","3","TOK","2","得意先","fsol07","2011/01/26 15:58:14","fsol07","2011/01/26 15:58:14"
"COD_HUTAN_KBN01","負担区分01","1","DYDO","01","ダイドー","fsol05","2009/03/23 20:12:58","fsol05","2009/03/23 20:19:52"
"COD_HUTAN_KBN01","負担区分01","2","TOKUISAKI","02","得意先","fsol05","2009/03/23 20:12:58","fsol05","2009/03/23 20:19:52"
"COD_HUTAN_KBN01","負担区分01","3","HOKEN","03","保険","fsol05","2009/03/23 20:12:58","fsol05","2009/03/23 20:19:52"
"COD_HUTAN_KBN02","負担区分02","1","DYDO","01","ダイドー","fsol05","2009/03/23 20:12:58","fsol05","2009/03/24 11:25:53"
"COD_HUTAN_KBN02","負担区分02","2","TOKUISAKI","02","得意先","fsol05","2009/03/23 20:12:58","fsol05","2009/03/24 11:25:53"
"COD_HUTAN_KBN02","負担区分02","3","SETTISAKI","06","設置先","fsol05","2009/03/23 20:12:58","fsol05","2009/03/24 11:25:53"
"COD_HUTAN_KBN02","負担区分02","4","SONOTA","07","その他","fsol05","2009/03/23 20:12:58","fsol05","2009/03/24 11:25:53"
"COD_HUTAN_KBN03","負担区分03","1","MAKER","04","メーカー","fsol05","2009/03/23 20:12:58","fsol05","2009/03/24 11:26:06"
"COD_HUTAN_KBN03","負担区分03","2","GYOUSYA","05","業者","fsol05","2009/03/23 20:12:58","fsol05","2009/03/24 11:26:06"
"COD_HUTAN_KBN04","負担区分04","1","DYDO","01","ダイドー","fsol05","2009/03/23 20:12:58","fsol05","2009/03/24 11:26:19"
"COD_HUTAN_KBN04","負担区分04","2","TOKUISAKI","02","得意先","fsol05","2009/03/23 20:12:58","fsol05","2009/03/24 11:26:19"
"COD_HUTAN_KBN04","負担区分04","3","HOKEN","03","保険","fsol05","2009/03/23 20:12:58","fsol05","2009/03/24 11:26:19"
"COD_HUTAN_KBN04","負担区分04","4","TORIKESI","09","設置取消","fsol05","2009/03/23 20:12:58","fsol05","2009/03/24 11:26:19"
"COD_HUTAN_KBN05","負担区分05","1","DYDO","01","ダイドー","fsol05","2009/03/23 20:12:58","fsol05","2009/03/24 11:26:29"
"COD_HUTAN_KBN05","負担区分05","2","TOKUISAKI","02","得意先","fsol05","2009/03/23 20:12:58","fsol05","2009/03/24 11:26:29"
"COD_HUTAN_KBN05","負担区分05","3","MAKER","04","メーカー","fsol05","2009/03/23 20:12:58","fsol05","2009/03/24 11:26:29"
"COD_HUTAN_KBN05","負担区分05","4","GYOUSYA","05","業者","fsol05","2009/03/23 20:12:58","fsol05","2009/03/24 11:26:29"
"COD_HUTAN_KBN05","負担区分05","5","SETTISAKI","06","設置先","fsol05","2009/03/23 20:12:58","fsol05","2009/03/24 11:26:29"
"COD_HUTAN_KBN05","負担区分05","6","SONOTA","07","その他","fsol05","2009/03/23 20:12:58","fsol05","2009/03/24 11:26:29"
"COD_HYOUZI_KBN01","表示区分01","1","ALL","0","全て","fsol07","2011/01/26 14:47:41","fsol07","2011/01/26 14:47:41"
"COD_HYOUZI_KBN01","表示区分01","2","MI_SYORI","1","未処理","fsol07","2011/01/26 14:47:41","fsol07","2011/01/26 14:47:41"
"COD_HYOUZI_KBN01","表示区分01","3","TEISI_SUMI","2","停止済","fsol07","2011/01/26 14:47:41","fsol07","2011/01/26 14:47:41"
"COD_INFO_KBN01","情報区分01","1","SINKI","0","新規","lpa01","2008/08/19 15:52:08","fsol14","2009/12/02 14:48:19"
"COD_INFO_KBN01","情報区分01","2","SYUSEI","1","修正","lpa01","2008/08/19 15:52:08","fsol14","2009/12/02 14:48:19"
"COD_INFO_KBN01","情報区分01","3","KIZON","2","既存","lpa01","2008/08/19 15:52:08","fsol14","2009/12/02 14:48:19"
"COD_INSATU_TAISYO01","印刷対象01","1","ALL","0","全て","fsol05","2009/03/23 20:12:58","fsol14","2009/12/02 14:48:41"
"COD_INSATU_TAISYO01","印刷対象01","2","MINYURYOKU","1","未入力リスト","fsol05","2009/03/23 20:12:58","fsol14","2009/12/02 14:48:41"
"COD_INSATU_TAISYO01","印刷対象01","3","MISYURI","2","未修理リスト","fsol05","2009/03/23 20:12:58","fsol14","2009/12/02 14:48:41"
"COD_KAGISYOZAI_KBN01","カギ所在地区分01","1","EIGYOUSYO","0","営業所","fsol05","2009/03/23 20:12:58","fsol05","2009/03/23 20:14:10"
"COD_KAGISYOZAI_KBN01","カギ所在地区分01","2","TOKUISAKI","1","得意先","fsol05","2009/03/23 20:12:58","fsol05","2009/03/23 20:14:10"
"COD_KAGISYOZAI_KBN01","カギ所在地区分01","3","SETTISAKI","2","設置先","fsol05","2009/03/23 20:12:58","fsol05","2009/03/23 20:14:10"
"COD_KAGISYOZAI_KBN01","カギ所在地区分01","4","TC","3","ＴＣ","fsol05","2009/03/23 20:12:58","fsol05","2009/03/23 20:14:10"
"COD_KAGISYOZAI_KBN01","カギ所在地区分01","5","SONOTA","4","その他","fsol05","2009/03/23 20:12:58","fsol05","2009/03/23 20:14:10"
"COD_KAIIN_UMU_KBN01","会員番号有無区分01","1","ARI","1","有り","base07","2009/05/07 18:28:48","fsol14","2009/12/02 14:49:37"
"COD_KAIIN_UMU_KBN01","会員番号有無区分01","2","NASI","0","無し","base07","2009/05/07 18:28:48","fsol14","2009/12/02 14:49:37"
"COD_KAISOUSITEI_KBN01","回送先指定区分01","1","BUSHO_OWN","0","自部署","fsol09","2008/07/15 16:45:15","fsol14","2009/12/02 15:32:41"
"COD_KAISOUSITEI_KBN01","回送先指定区分01","2","BUSHO_GRP","1","部署グループ","fsol09","2008/07/15 16:45:15","fsol14","2009/12/02 15:32:41"
"COD_KAISOUSITEI_KBN01","回送先指定区分01","3","BUSHO_SITEI","2","部署指定","fsol09","2008/07/15 16:45:15","fsol14","2009/12/02 15:32:41"
"COD_KAISOUSITEI_KBN01","回送先指定区分01","4","BUSHO_NINI","3","任意部署","fsol09","2008/07/15 16:45:15","fsol14","2009/12/02 15:32:41"
"COD_KAISYA_KBN01","会社区分01","1","HONTAI","1000","本体","fsol09","2008/05/02 09:15:22","fsol14","2009/12/02 14:49:48"
"COD_KAISYA_KBN01","会社区分01","2","HANSYA","5300","販社","fsol09","2008/05/02 09:15:22","fsol14","2009/12/02 14:49:48"
"COD_KAISYU_CYCLE_KBN01","回収サイクル区分01","1","TOUGETU","0","当月","lpa00","2008/07/08 11:23:32","fsol14","2009/12/02 14:51:10"
"COD_KAISYU_CYCLE_KBN01","回収サイクル区分01","2","YOKUGETU","1","翌月","lpa00","2008/07/08 11:23:32","fsol14","2009/12/02 14:51:10"
"COD_KAISYU_CYCLE_KBN01","回収サイクル区分01","3","YOKU2GETU","2","翌々月","lpa00","2008/07/08 11:23:32","fsol14","2009/12/02 14:51:10"
"COD_KAISYU_CYCLE_KBN01","回収サイクル区分01","4","YOKU3GETU","3","翌々々月","lpa00","2008/07/08 11:23:32","fsol14","2009/12/02 14:51:10"
"COD_KAISYU_CYCLE_KBN01","回収サイクル区分01","5","NASI","9","回収管理しない","lpa00","2008/07/08 11:23:32","fsol14","2009/12/02 14:51:10"
"COD_KAISYU_CYCLE_KBN02","回収サイクル区分02","1","TOUGETU","0","当月","fsol10","2011/01/06 22:40:34","fsol10","2011/01/06 22:40:34"
"COD_KAISYU_CYCLE_KBN02","回収サイクル区分02","2","YOKUGETU","1","翌月","fsol10","2011/01/06 22:40:34","fsol10","2011/01/06 22:40:34"
"COD_KAISYU_CYCLE_KBN02","回収サイクル区分02","3","YOKU2GETU","2","翌々月","fsol10","2011/01/06 22:40:34","fsol10","2011/01/06 22:40:34"
"COD_KAISYU_CYCLE_KBN02","回収サイクル区分02","4","YOKU3GETU","3","翌々々月","fsol10","2011/01/06 22:40:34","fsol10","2011/01/06 22:40:34"
"COD_KAISYU_CYCLE_KBN02","回収サイクル区分02","5","ETC","9","その他","fsol10","2011/01/06 22:40:34","fsol10","2011/01/06 22:40:34"
"COD_KAISYU_HOUHOU_KBN01","回収方法区分01","1","SYUKIN","0","集金","lpa01","2008/08/18 20:41:24","fsol14","2009/12/02 14:51:19"
"COD_KAISYU_HOUHOU_KBN01","回収方法区分01","2","HURIKOMI","1","振込","lpa01","2008/08/18 20:41:24","fsol14","2009/12/02 14:51:19"
"COD_KAISYU_HOUHOU_KBN02","回収方法区分02","1","ALLVALUE","ALLVALUE","全て","fsol10","2011/01/06 22:40:34","fsol10","2011/01/20 16:23:40"
"COD_KAISYU_HOUHOU_KBN02","回収方法区分02","2","SYUKIN","0","集金","fsol10","2011/01/06 22:40:34","fsol10","2011/01/20 16:23:40"
"COD_KAISYU_HOUHOU_KBN02","回収方法区分02","3","HURIKOMI","1","振込","fsol10","2011/01/06 22:40:34","fsol10","2011/01/20 16:23:40"
"COD_KAIYAKU_RIYU_KBN01","解約理由区分01","1","YUSYOU_UPDATE","01","有償更新のため","fsol05","2009/03/23 20:12:58","fsol14","2009/12/02 14:51:34"
"COD_KAIYAKU_RIYU_KBN01","解約理由区分01","2","ETC","99","その他","fsol05","2009/03/23 20:12:58","fsol14","2009/12/02 14:51:34"
"COD_KANRI_HYOU_NO_KBN01","管理票番号区分01","1","KANRI_HYOU","01","管理票No.","fsol05","2009/03/23 20:12:58","fsol14","2009/12/02 14:51:42"
"COD_KANRI_HYOU_NO_KBN01","管理票番号区分01","2","DAITAI","02","代替管理票No.","fsol05","2009/03/23 20:12:58","fsol14","2009/12/02 14:51:42"
"COD_KANRI_KBN01","管理区分01","1","KANRI_SINAI","0","管理しない","lpa01","2008/08/18 20:21:38","fsol14","2009/12/02 14:51:52"
"COD_KANRI_KBN01","管理区分01","2","KANRI_SURU","1","管理する","lpa01","2008/08/18 20:21:38","fsol14","2009/12/02 14:51:52"
"COD_KEIHI_HAIHU_KBN01","経費配賦方法区分01","1","TOK_URI_HIRITU","0","得意先売上比率","fsol07","2011/02/17 11:07:49","fsol07","2011/02/17 11:07:49"
"COD_KEIHI_HAIHU_KBN01","経費配賦方法区分01","2","KOBETU","1","個別指定","fsol07","2011/02/17 11:07:49","fsol07","2011/02/17 11:07:49"
"COD_KEIHI_KOUZA_KBN01","経費口座区分01","1","NASI","0","なし","fsol10","2011/01/06 22:40:34","fsol10","2011/01/06 22:40:34"
"COD_KEIHI_KOUZA_KBN01","経費口座区分01","2","ZIBUSYO","1","自部署","fsol10","2011/01/06 22:40:34","fsol10","2011/01/06 22:40:34"
"COD_KEIHI_KOUZA_KBN01","経費口座区分01","3","GENKINWATASI","2","現金渡し","fsol10","2011/01/06 22:40:34","fsol10","2011/01/06 22:40:34"
"COD_KEIRI_TOKUSYU_KBN01","経理用特殊区分01","1","TUZYOU","0","通常","fsol10","2011/01/17 13:48:29","fsol10","2011/01/17 13:48:29"
"COD_KEIRI_TOKUSYU_KBN01","経理用特殊区分01","2","TOKUSYU","1","特殊","fsol10","2011/01/17 13:48:29","fsol10","2011/01/17 13:48:29"
"COD_KEISYO_NEW_KBN01","契約書新規区分01","1","NEW","0","新規","lpa00","2008/07/11 12:56:39","fsol14","2009/12/02 14:52:25"
"COD_KEISYO_NEW_KBN01","契約書新規区分01","2","KIZON","1","既存","lpa00","2008/07/11 12:56:39","fsol14","2009/12/02 14:52:25"
"COD_KEISYO_SOUHU_KBN01","契約書送付区分01","1","MISOUHU","0","未送付","lpa00","2008/07/08 11:13:08","fsol14","2009/12/02 14:52:32"
"COD_KEISYO_SOUHU_KBN01","契約書送付区分01","2","SOUHUSUMI","1","送付済","lpa00","2008/07/08 11:13:08","fsol14","2009/12/02 14:52:32"
"COD_KEISYO_STS_KBN01","契約書状態区分01","1","SOUHUSUMI","0","送付済","lpa00","2008/07/08 11:14:51","fsol14","2009/12/02 14:52:41"
"COD_KEISYO_STS_KBN01","契約書状態区分01","2","SASIMODOSI","1","差戻し","lpa00","2008/07/08 11:14:51","fsol14","2009/12/02 14:52:41"
"COD_KEISYO_STS_KBN01","契約書状態区分01","3","ZYURYOUSUMI","2","受領済","lpa00","2008/07/08 11:14:51","fsol14","2009/12/02 14:52:41"
"COD_KEISYO_ZYURYOU_KBN01","契約書受領区分01","1","MITATU","0","未達","lpa00","2008/07/08 11:12:00","fsol14","2009/12/02 14:52:59"
"COD_KEISYO_ZYURYOU_KBN01","契約書受領区分01","2","ZYURYOUSUMI","1","受領済","lpa00","2008/07/08 11:12:00","fsol14","2009/12/02 14:52:59"
"COD_KEISYO_ZYURYOU_KBN02","契約書受領区分02","1","ALLVALUE","ALLVALUE","全て","lpa03","2009/02/03 13:48:21","fsol14","2009/12/02 14:53:09"
"COD_KEISYO_ZYURYOU_KBN02","契約書受領区分02","2","MITATU","0","未達","lpa03","2009/02/03 13:48:21","fsol14","2009/12/02 14:53:09"
"COD_KEISYO_ZYURYOU_KBN02","契約書受領区分02","3","ZYURYOUSUMI","1","受領済","lpa03","2009/02/03 13:48:21","fsol14","2009/12/02 14:53:09"
"COD_KEIYAKU_SOUHU_KBN01","契約送付区分01","1","SINPIN_MUSYOU","01","新品無償","fsol05","2009/08/13 13:52:16","fsol14","2009/12/02 14:53:17"
"COD_KEIYAKU_SOUHU_KBN01","契約送付区分01","2","TYUKO_MUSYOU","02","中古無償","fsol05","2009/08/13 13:52:16","fsol14","2009/12/02 14:53:17"
"COD_KEIYAKU_SOUHU_KBN01","契約送付区分01","3","YUSYOU","03","有償","fsol05","2009/08/13 13:52:16","fsol14","2009/12/02 14:53:17"
"COD_KEIYAKU_SOUHU_KBN01","契約送付区分01","4","KYOUTEISYO","04","協定書","fsol05","2009/08/13 13:52:16","fsol14","2009/12/02 14:53:17"
"COD_KEIYAKU_TEIKETU_KBN01","契約締結区分01","1","KOBETU","0","個別契約","lpa00","2008/07/08 11:19:32","fsol14","2009/12/02 14:53:25"
"COD_KEIYAKU_TEIKETU_KBN01","契約締結区分01","2","HOUKATU","1","包括契約","lpa00","2008/07/08 11:19:32","fsol14","2009/12/02 14:53:25"
"COD_KEIYAKU_ZYOUKEN_KBN01","契約条件区分01","1","MUSYOU","01","無償","fsol05","2009/03/23 20:12:58","fsol14","2009/12/02 14:53:34"
"COD_KEIYAKU_ZYOUKEN_KBN01","契約条件区分01","2","RENTAL","04","レンタル","fsol05","2009/03/23 20:12:58","fsol14","2009/12/02 14:53:34"
"COD_KEIYAKU_ZYOUKEN_KBN02","契約条件区分02","1","RENTAL","04","レンタル","fsol05","2009/03/23 20:12:58","fsol14","2009/12/02 14:53:43"
"COD_KEIYAKU_ZYOUKEN_KBN02","契約条件区分02","2","LEASE","02","顧客リース","fsol05","2009/03/23 20:12:58","fsol14","2009/12/02 14:53:43"
"COD_KEIYAKU_ZYOUKEN_KBN03","契約条件区分03","1","MUSYOU","01","無償","fsol05","2009/03/23 20:12:58","fsol14","2009/12/02 14:53:51"
"COD_KEIYAKU_ZYOUKEN_KBN03","契約条件区分03","2","RENTAL","04","レンタル","fsol05","2009/03/23 20:12:58","fsol14","2009/12/02 14:53:51"
"COD_KEIYAKU_ZYOUKEN_KBN03","契約条件区分03","3","LEASE_DAITAI","06","顧客リース代替","fsol05","2009/03/23 20:12:58","fsol14","2009/12/02 14:53:51"
"COD_KEIYAKU_ZYOUKEN_KBN03","契約条件区分03","4","RENTAL_DAITAI","07","レンタル代替","fsol05","2009/03/23 20:12:58","fsol14","2009/12/02 14:53:51"
"COD_KEIYAKU_ZYOUKEN_KBN04","契約条件区分04","1","MUSYOU","01","無償","fsol05","2009/03/23 20:12:58","fsol14","2009/12/02 14:53:59"
"COD_KEIYAKU_ZYOUKEN_KBN04","契約条件区分04","2","LEASE","02","顧客リース","fsol05","2009/03/23 20:12:58","fsol14","2009/12/02 14:53:59"
"COD_KEIYAKU_ZYOUKEN_KBN04","契約条件区分04","3","BAIKYAKU","03","売却","fsol05","2009/03/23 20:12:58","fsol14","2009/12/02 14:53:59"
"COD_KEIYAKU_ZYOUKEN_KBN04","契約条件区分04","4","RENTAL","04","レンタル","fsol05","2009/03/23 20:12:58","fsol14","2009/12/02 14:53:59"
"COD_KEIYAKU_ZYOUKEN_KBN04","契約条件区分04","5","LEASE_DAITAI","06","顧客リース代替","fsol05","2009/03/23 20:12:58","fsol14","2009/12/02 14:53:59"
"COD_KEIYAKU_ZYOUKEN_KBN04","契約条件区分04","6","RENTAL_DAITAI","07","レンタル代替","fsol05","2009/03/23 20:12:58","fsol14","2009/12/02 14:53:59"
"COD_KEIYAKU_ZYOUKEN_KBN06","契約条件区分06","1","MUSYOU_RENTAL","0","無償・レンタル","fsol05","2009/03/23 20:12:58","fsol14","2009/12/02 14:54:09"
"COD_KEIYAKU_ZYOUKEN_KBN06","契約条件区分06","2","LEASE","1","顧客リース","fsol05","2009/03/23 20:12:58","fsol14","2009/12/02 14:54:09"
"COD_KOGITTE_TEGATA_KBN01","小切手手形区分01","1","KOGITTE","0","小切手","fsol10","2011/01/06 22:40:34","fsol10","2011/01/06 22:40:34"
"COD_KOGITTE_TEGATA_KBN01","小切手手形区分01","2","TEGATA","1","手形","fsol10","2011/01/06 22:40:34","fsol10","2011/01/06 22:40:34"
"COD_KOUIKI_BIKOU_KBN01","広域企業備考区分01","1","KOUKAI","0","公開備考欄","lpa00","2008/07/11 12:59:13","fsol14","2009/12/02 14:54:17"
"COD_KOUIKI_BIKOU_KBN01","広域企業備考区分01","2","HIKOUKAI","1","非公開備考欄","lpa00","2008/07/11 12:59:13","fsol14","2009/12/02 14:54:17"
"COD_KOUIKI_KINOU_KBN01","広域企業機能分類区分01","1","KOUIKI","0","広域企業","lpa00","2008/07/11 12:57:58","fsol14","2009/12/02 14:54:25"
"COD_KOUIKI_KINOU_KBN01","広域企業機能分類区分01","2","GROUP","1","広域企業グループ","lpa00","2008/07/11 12:57:58","fsol14","2009/12/02 14:54:25"
"COD_KOUIKI_KINOU_KBN01","広域企業機能分類区分01","3","SUBGROUP","2","広域企業サブグループ","lpa00","2008/07/11 12:57:58","fsol14","2009/12/02 14:54:25"
"COD_KOUKAI_KBN01","公開区分01","1","KOUKAI","0","公開","lpa00","2008/07/08 11:27:23","fsol14","2009/12/02 14:54:42"
"COD_KOUKAI_KBN01","公開区分01","2","HIKOUKAI","1","非公開","lpa00","2008/07/08 11:27:23","fsol14","2009/12/02 14:54:42"
"COD_KOUZA_SRH_KBN01","口座検索区分01","1","ALL","0","全て","fsol10","2011/01/06 22:40:33","fsol10","2011/01/06 22:40:34"
"COD_KOUZA_SRH_KBN01","口座検索区分01","2","NYUKIN_ALARM","1","入金アラーム","fsol10","2011/01/06 22:40:33","fsol10","2011/01/06 22:40:34"
"COD_KOUZA_SRH_KBN01","口座検索区分01","3","SINKI","2","新規","fsol10","2011/01/06 22:40:33","fsol10","2011/01/06 22:40:34"
"COD_KOUZA_SYUBETU_KBN01","口座種別区分01","1","HUTU","1","普通","lpa00","2008/07/08 11:03:46","fsol14","2009/12/02 14:55:25"
"COD_KOUZA_SYUBETU_KBN01","口座種別区分01","2","TOUZA","2","当座","lpa00","2008/07/08 11:03:46","fsol14","2009/12/02 14:55:25"
"COD_KOUZA_SYUBETU_KBN01","口座種別区分01","3","TYOTIKU","4","貯蓄","lpa00","2008/07/08 11:03:46","fsol14","2009/12/02 14:55:25"
"COD_KOUZA_SYUBETU_KBN01","口座種別区分01","4","SONOTA","9","その他","lpa00","2008/07/08 11:03:46","fsol14","2009/12/02 14:55:25"
"COD_KOUZA_SYUKAN_KBN01","口座主管区分01","1","HI","0","非","lpa00","2008/07/08 11:29:32","fsol14","2009/12/02 14:55:35"
"COD_KOUZA_SYUKAN_KBN01","口座主管区分01","2","SYUKAN","1","主管","lpa00","2008/07/08 11:29:32","fsol14","2009/12/02 14:55:35"
"COD_KOUZA_SYUKAN_KBN02","口座主管区分02","1","ALL","0","全て","fsol10","2011/01/06 22:40:33","fsol10","2011/01/06 22:40:34"
"COD_KOUZA_SYUKAN_KBN02","口座主管区分02","2","SYUKAN","1","主管","fsol10","2011/01/06 22:40:33","fsol10","2011/01/06 22:40:34"
"COD_KOUZA_SYUKAN_KBN02","口座主管区分02","3","HI_SYUKAN","2","主管以外","fsol10","2011/01/06 22:40:33","fsol10","2011/01/06 22:40:34"
"COD_KOUZA_SYUKAN_KBN03","口座主管区分03","1","HI","0","","fsol10","2011/01/06 22:40:33","fsol10","2011/01/06 22:40:34"
"COD_KOUZA_SYUKAN_KBN03","口座主管区分03","2","SYUKAN","1","主管","fsol10","2011/01/06 22:40:33","fsol10","2011/01/06 22:40:34"
"COD_KURIKOSI_KBN01","繰越区分01","1","KURIKOSI_SINAI","0","繰越しない","sis05","2008/07/10 15:26:59","fsol14","2009/12/02 14:55:45"
"COD_KURIKOSI_KBN01","繰越区分01","2","KURIKOSI_SURU","1","繰越する","sis05","2008/07/10 15:26:59","fsol14","2009/12/02 14:55:45"
"COD_KYOUTEISYO_ERR_KBN01","協定書エラー区分01","1","NASHI","0","協定書エラーなし","base00","2009/01/27 17:42:59","fsol14","2009/12/02 14:55:55"
"COD_KYOUTEISYO_ERR_KBN01","協定書エラー区分01","2","MI_IN","1","協定書未入力","base00","2009/01/27 17:42:59","fsol14","2009/12/02 14:55:55"
"COD_KYOUTEISYO_ERR_KBN01","協定書エラー区分01","3","SIMEBI","2","締日相違","base00","2009/01/27 17:42:59","fsol14","2009/12/02 14:55:55"
"COD_KYOUTEISYO_ERR_KBN01","協定書エラー区分01","4","BAIKA","3","未設定売価","base00","2009/01/27 17:42:59","fsol14","2009/12/02 14:55:55"
"COD_KYOUTEISYO_ERR_KBN01","協定書エラー区分01","5","MITATU","4","協定書未達","base00","2009/01/27 17:42:59","fsol14","2009/12/02 14:55:55"
"COD_LEASE_UMU_KBN01","リース有無区分01","1","ARI","1","有り","fsol05","2009/03/23 20:12:58","fsol14","2009/12/02 14:56:04"
"COD_LEASE_UMU_KBN01","リース有無区分01","2","NASI","0","無し","fsol05","2009/03/23 20:12:58","fsol14","2009/12/02 14:56:04"
"COD_MASTER_SYUBETU_KBN01","マスタ種別区分01","1","KIGYOU_1_GRP","0","企業１グループ","fsol07","2011/02/01 18:48:17","fsol07","2011/02/01 18:48:17"
"COD_MASTER_SYUBETU_KBN01","マスタ種別区分01","2","KIGYOU_1","1","企業１","fsol07","2011/02/01 18:48:17","fsol07","2011/02/01 18:48:17"
"COD_MASTER_SYUBETU_KBN01","マスタ種別区分01","3","KIGYOU_2_GRP","2","企業２グループ","fsol07","2011/02/01 18:48:17","fsol07","2011/02/01 18:48:17"
"COD_MASTER_SYUBETU_KBN01","マスタ種別区分01","4","KIGYOU_2","3","企業２","fsol07","2011/02/01 18:48:17","fsol07","2011/02/01 18:48:17"
"COD_MASTER_SYUBETU_KBN01","マスタ種別区分01","5","HAISOU_SAKI","4","配送先","fsol07","2011/02/01 18:48:17","fsol07","2011/02/01 18:48:17"
"COD_MATCH_ZYOUKEN01","条件式区分01","1","EQUALS","00","＝","wt03","2008/05/20 10:48:28","wt01","2008/07/28 19:44:12"
"COD_MATCH_ZYOUKEN01","条件式区分01","2","NOT_EQUALS","01","≠","wt03","2008/05/20 10:48:28","wt01","2008/07/28 19:44:12"
"COD_MATCH_ZYOUKEN01","条件式区分01","3","LESS_THAN","02","＜","wt03","2008/05/20 10:48:28","wt01","2008/07/28 19:44:12"
"COD_MATCH_ZYOUKEN01","条件式区分01","4","GREATER_THAN","03","＞","wt03","2008/05/20 10:48:28","wt01","2008/07/28 19:44:12"
"COD_MATCH_ZYOUKEN01","条件式区分01","5","LESS_OR_EQUALS","04","≦","wt03","2008/05/20 10:48:28","wt01","2008/07/28 19:44:12"
"COD_MATCH_ZYOUKEN01","条件式区分01","6","GREATER_OR_EQUALS","05","≧","wt03","2008/05/20 10:48:28","wt01","2008/07/28 19:44:12"
"COD_MATCH_ZYOUKEN01","条件式区分01","7","LIKE","06","含む","wt03","2008/05/20 10:48:28","wt01","2008/07/28 19:44:12"
"COD_MATCH_ZYOUKEN01","条件式区分01","8","IS_NULL","07","＝ null","wt03","2008/05/20 10:48:28","wt01","2008/07/28 19:44:12"
"COD_MATCH_ZYOUKEN01","条件式区分01","9","IS_NOT_NULL","08","≠ null","wt03","2008/05/20 10:48:28","wt01","2008/07/28 19:44:12"
"COD_MI_KAISYU_KIN_KBN01","未回収金額区分01","1","ZERO_YEN_IGAI","0","0円以外","fsol10","2011/01/06 22:40:33","fsol10","2011/01/06 22:40:34"
"COD_MI_KAISYU_KIN_KBN01","未回収金額区分01","2","ALL","1","全て","fsol10","2011/01/06 22:40:33","fsol10","2011/01/06 22:40:34"
"COD_MI_SYURI_RIYU_KBN01","未修理理由区分01","1","MISETTEI","00","未設定","fsol05","2009/03/23 20:12:58","fsol14","2009/12/02 14:56:16"
"COD_MI_SYURI_RIYU_KBN01","未修理理由区分01","2","EIGYOUSYO_SYURI","02","営業所修理","fsol05","2009/03/23 20:12:58","fsol14","2009/12/02 14:56:16"
"COD_MI_SYURI_RIYU_KBN01","未修理理由区分01","3","KYOUSYUTU","03","供出","fsol05","2009/03/23 20:12:58","fsol14","2009/12/02 14:56:16"
"COD_MI_SYURI_RIYU_KBN01","未修理理由区分01","4","SONOTA","99","その他","fsol05","2009/03/23 20:12:58","fsol14","2009/12/02 14:56:16"
"COD_MODOSIIRE_SYORI_KBN01","戻入処理区分01","1","MI_SYORI","0","未処理","fsol07","2011/01/26 14:20:25","fsol07","2011/01/26 14:20:25"
"COD_MODOSIIRE_SYORI_KBN01","戻入処理区分01","2","SYORI_SUMI","1","処理済","fsol07","2011/01/26 14:20:25","fsol07","2011/01/26 14:20:25"
"COD_NEBIKI_MARUME_KBN01","値引丸め区分01","1","KIRIAGE","1","切り上げ","fsol10","2011/01/06 22:40:34","fsol10","2011/01/06 22:40:34"
"COD_NEBIKI_MARUME_KBN01","値引丸め区分01","2","KIRISUTE","2","切り捨て","fsol10","2011/01/06 22:40:34","fsol10","2011/01/06 22:40:34"
"COD_NEBIKI_MARUME_KBN01","値引丸め区分01","3","ROUNDOFF","3","四捨五入","fsol10","2011/01/06 22:40:34","fsol10","2011/01/06 22:40:34"
"COD_NEBIKI_ZYOUKEN_KBN01","値引計算条件区分01","1","NEBIKI_MAE","0","値引前","fsol07","2011/02/01 18:45:48","fsol07","2011/02/01 18:45:48"
"COD_NEBIKI_ZYOUKEN_KBN01","値引計算条件区分01","2","NEBIKI_GO","1","値引後","fsol07","2011/02/01 18:45:48","fsol07","2011/02/01 18:45:48"
"COD_NEW_OLD_KBN01","新品中古区分01","1","NEW","0","新品","lpa00","2008/07/08 11:09:00","fsol14","2009/12/02 14:56:25"
"COD_NEW_OLD_KBN01","新品中古区分01","2","OLD","1","中古","lpa00","2008/07/08 11:09:00","fsol14","2009/12/02 14:56:25"
"COD_NIPPOU_SYUBETU_KBN01","日報種別区分01","1","TYOKUHAN","1","直販","fsol10","2011/01/06 22:40:34","fsol10","2011/01/06 22:40:34"
"COD_NIPPOU_SYUBETU_KBN01","日報種別区分01","2","OROSI","2","卸","fsol10","2011/01/06 22:40:34","fsol10","2011/01/06 22:40:34"
"COD_OB_MEI_KANRI_KBN01","覚書明細管理区分01","1","KOBETU","0","個別","fsol07","2011/02/17 11:36:50","fsol07","2011/02/17 11:36:50"
"COD_OB_MEI_KANRI_KBN01","覚書明細管理区分01","2","RENDOU","1","連動","fsol07","2011/02/17 11:36:50","fsol07","2011/02/17 11:36:50"
"COD_OB_MEI_KBN01","覚書明細区分01","1","NASI","0","なし","fsol07","2011/02/17 11:30:00","fsol07","2011/02/17 11:30:00"
"COD_OB_MEI_KBN01","覚書明細区分01","2","LOCATION","1","ロケーション","fsol07","2011/02/17 11:30:00","fsol07","2011/02/17 11:30:00"
"COD_OB_MEI_KBN01","覚書明細区分01","3","TOK","2","得意先","fsol07","2011/02/17 11:30:00","fsol07","2011/02/17 11:30:00"
"COD_OB_SIHA_HOUHOU_KBN01","覚書支払方法区分01","1","NASI","0","支払なし","fsol07","2011/02/17 11:28:45","fsol07","2011/02/17 11:28:45"
"COD_OB_SIHA_HOUHOU_KBN01","覚書支払方法区分01","2","OBOEGAKI_SIHA","1","覚書支払","fsol07","2011/02/17 11:28:45","fsol07","2011/02/17 11:28:45"
"COD_OB_SIHA_HOUHOU_KBN01","覚書支払方法区分01","3","SOUKATU_SIHA","2","総括支払(支払先)","fsol07","2011/02/17 11:28:45","fsol07","2011/02/17 11:28:45"
"COD_OB_SIHA_HOUHOU_KBN01","覚書支払方法区分01","4","SOUKATU_SEIKYU","3","総括支払(請求先)","fsol07","2011/02/17 11:28:45","fsol07","2011/02/17 11:28:45"
"COD_OB_SIHA_ZYOUKEN_KBN01","覚書支払条件区分01","1","DATARI","0","台当り","fsol07","2011/02/17 13:10:07","fsol07","2011/02/17 13:10:07"
"COD_OB_SIHA_ZYOUKEN_KBN01","覚書支払条件区分01","2","HATARI","1","本当り","fsol07","2011/02/17 13:10:07","fsol07","2011/02/17 13:10:07"
"COD_OB_SIHA_ZYOUKEN_KBN01","覚書支払条件区分01","3","TEIRITU","2","販売金額の","fsol07","2011/02/17 13:10:07","fsol07","2011/02/17 13:10:07"
"COD_OB_SIHA_ZYOUKEN_KBN01","覚書支払条件区分01","4","TEIGAKU","3","定額","fsol07","2011/02/17 13:10:07","fsol07","2011/02/17 13:10:07"
"COD_OB_SIHA_ZYOUKEN_KBN01","覚書支払条件区分01","5","ZIPPI","4","実費","fsol07","2011/02/17 13:10:07","fsol07","2011/02/17 13:10:07"
"COD_OB_SIHA_ZYOUKEN_KBN01","覚書支払条件区分01","6","ETC","5","その他","fsol07","2011/02/17 13:10:07","fsol07","2011/02/17 13:10:07"
"COD_OB_SIHA_ZYOUKEN_KBN01","覚書支払条件区分01","7","SURYOU_KEISIKI","6","数量−形式","fsol07","2011/02/17 13:10:07","fsol07","2011/02/17 13:10:07"
"COD_OB_SYOSIKI_KBN01","覚書書式区分01","1","ZISYA","0","自社","fsol07","2011/02/17 11:33:11","fsol07","2011/02/17 11:33:11"
"COD_OB_SYOSIKI_KBN01","覚書書式区分01","2","AITEKATA","1","相手方","fsol07","2011/02/17 11:33:11","fsol07","2011/02/17 11:33:11"
"COD_OB_TOUROKU_SAKI_KBN01","覚書登録先区分01","1","NASI","0","なし","fsol07","2011/02/17 11:32:07","fsol07","2011/02/17 11:32:07"
"COD_OB_TOUROKU_SAKI_KBN01","覚書登録先区分01","2","KOUIKI_KIGYOU_GRP","1","広域企業グループ","fsol07","2011/02/17 11:32:07","fsol07","2011/02/17 11:32:07"
"COD_OB_TOUROKU_SAKI_KBN01","覚書登録先区分01","3","KOUIKI_KIGYOU_SUB_GRP","2","広域企業サブグループ","fsol07","2011/02/17 11:32:07","fsol07","2011/02/17 11:32:07"
"COD_OB_TOUROKU_SAKI_KBN01","覚書登録先区分01","4","KOUIKI_KIGYOU","3","広域企業","fsol07","2011/02/17 11:32:07","fsol07","2011/02/17 11:32:07"
"COD_OB_TOUROKU_SAKI_KBN01","覚書登録先区分01","5","TOK","4","得意先","fsol07","2011/02/17 11:32:07","fsol07","2011/02/17 11:32:07"
"COD_OROSI_MATTAN01","卸末端条件01","1","MUSYO","01","無償","fsol05","2009/03/23 20:12:58","fsol14","2009/12/02 14:56:35"
"COD_OROSI_MATTAN01","卸末端条件01","2","SANKUSU","02","サンクス","fsol05","2009/03/23 20:12:58","fsol14","2009/12/02 14:56:35"
"COD_OUT_KBN01","出力区分01","1","OUT_SINAI","0","出力しない","lpa01","2008/08/18 20:43:51","fsol14","2009/12/02 14:56:45"
"COD_OUT_KBN01","出力区分01","2","OUT_SURU","1","出力する","lpa01","2008/08/18 20:43:51","fsol14","2009/12/02 14:56:45"
"COD_OUT_KBN02","出力区分02","1","TANTOSYABETU_SYUKEI","1","得意先担当者別集計","fsol05","2009/03/23 20:12:58","fsol14","2009/12/02 14:56:56"
"COD_OUT_KBN02","出力区分02","2","MEISAI","2","明細","fsol05","2009/03/23 20:12:58","fsol14","2009/12/02 14:56:56"
"COD_OUT_SORT_KBN01","出力順番区分01","1","SYORI_BI_SORT","0","処理日順","fsol10","2011/01/06 22:40:34","fsol10","2011/01/13 16:48:13"
"COD_OUT_SORT_KBN01","出力順番区分01","2","DENPYOU_BI_SORT","1","伝票日順","fsol10","2011/01/06 22:40:34","fsol10","2011/01/13 16:48:13"
"COD_OUT_STS_KBN01","出力状態区分01","1","MI_OUT","0","未出力","sis05","2008/07/01 13:28:36","fsol14","2009/12/02 14:57:05"
"COD_OUT_STS_KBN01","出力状態区分01","2","OUT_SUMI","1","出力済","sis05","2008/07/01 13:28:36","fsol14","2009/12/02 14:57:05"
"COD_OUT_ZYOUKEN_KBN01","出力条件区分01","1","GENZAI","1","現在","fsol05","2009/03/23 20:12:58","fsol14","2009/12/02 14:57:13"
"COD_OUT_ZYOUKEN_KBN01","出力条件区分01","2","SENGETU","2","先月","fsol05","2009/03/23 20:12:58","fsol14","2009/12/02 14:57:13"
"COD_OUT_ZYOUKEN_KBN02","出力条件区分02","1","SYAIN_SITEI","0","社員指定","fsol10","2011/01/06 22:40:34","fsol10","2011/01/06 22:40:34"
"COD_OUT_ZYOUKEN_KBN02","出力条件区分02","2","ZYUSYO_SITEI","1","住所指定","fsol10","2011/01/06 22:40:34","fsol10","2011/01/06 22:40:34"
"COD_OYAKO_CALC_HOU_KBN01","親子計算方法区分01","1","TANDOKU","0","単独","lpa01","2008/08/18 20:30:36","fsol14","2009/12/02 14:57:24"
"COD_OYAKO_CALC_HOU_KBN01","親子計算方法区分01","2","ANBUN","1","按分","lpa01","2008/08/18 20:30:36","fsol14","2009/12/02 14:57:24"
"COD_OYAKO_CALC_HOU_KBN01","親子計算方法区分01","3","TUMIAGE","2","積上","lpa01","2008/08/18 20:30:36","fsol14","2009/12/02 14:57:24"
"COD_PRT_TEHAI_KBN01","印刷手配区分01","1","SETTI","1","設置","fsol05","2009/03/23 20:12:58","fsol14","2009/12/02 14:57:37"
"COD_PRT_TEHAI_KBN01","印刷手配区分01","2","SYURI","2","修理","fsol05","2009/03/23 20:12:58","fsol14","2009/12/02 14:57:37"
"COD_PRT_TEHAI_KBN01","印刷手配区分01","3","SEIBI","3","整備","fsol05","2009/03/23 20:12:58","fsol14","2009/12/02 14:57:37"
"COD_RENKEI_SYORI_KBN01","連携処理区分01","1","MISYORI","0","未処理","lpa00","2008/07/11 16:13:39","fsol14","2009/12/02 14:57:46"
"COD_RENKEI_SYORI_KBN01","連携処理区分01","2","RENKEISUMI","1","連携済","lpa00","2008/07/11 16:13:39","fsol14","2009/12/02 14:57:46"
"COD_RENKEI_SYORI_KBN01","連携処理区分01","3","TEISISUMI","2","停止済","lpa00","2008/07/11 16:13:39","fsol14","2009/12/02 14:57:46"
"COD_RYOHI_SYUBETU01","旅費種別01","1","KARIBARAI","0","仮払","fsol07","2011/01/26 14:22:19","fsol07","2011/01/26 14:22:19"
"COD_RYOHI_SYUBETU01","旅費種別01","2","MODOSIIRE","1","戻入","fsol07","2011/01/26 14:22:19","fsol07","2011/01/26 14:22:19"
"COD_SEIBI_NAIYOU_KBN01","整備内容区分01","1","ZYUSEIBI","0","重整備","fsol05","2009/06/12 18:03:12","fsol14","2009/12/02 14:57:59"
"COD_SEIBI_NAIYOU_KBN01","整備内容区分01","2","TYUSEIBI","1","中整備","fsol05","2009/06/12 18:03:12","fsol14","2009/12/02 14:57:59"
"COD_SEIBI_NAIYOU_KBN01","整備内容区分01","3","KEISEIBI","2","軽整備","fsol05","2009/06/12 18:03:12","fsol14","2009/12/02 14:57:59"
"COD_SEIBI_NAIYOU_KBN01","整備内容区分01","4","SONOTA","3","その他","fsol05","2009/06/12 18:03:12","fsol14","2009/12/02 14:57:59"
"COD_SEIBI_ZYOUKYOU_KBN01","整備状況区分01","1","TOZITU","1","当日受付分＋未受付","fsol05","2009/04/15 17:47:06","fsol14","2009/12/02 14:59:05"
"COD_SEIBI_ZYOUKYOU_KBN01","整備状況区分01","2","MIUKETUKE","2","未受付","fsol05","2009/04/15 17:47:06","fsol14","2009/12/02 14:59:05"
"COD_SEIBI_ZYOUKYOU_KBN01","整備状況区分01","3","UKETUKEZUMI","3","受付済","fsol05","2009/04/15 17:47:06","fsol14","2009/12/02 14:59:05"
"COD_SEIBI_ZYOUKYOU_KBN01","整備状況区分01","4","MIKANRYOU","4","整備未完了","fsol05","2009/04/15 17:47:06","fsol14","2009/12/02 14:59:05"
"COD_SEIBI_ZYOUKYOU_KBN01","整備状況区分01","5","KANRYOU","5","整備完了","fsol05","2009/04/15 17:47:06","fsol14","2009/12/02 14:59:05"
"COD_SEIBI_ZYOUKYOU_KBN01","整備状況区分01","6","KAKUNINMATI","6","整備完了（完了確認待）","fsol05","2009/04/15 17:47:06","fsol14","2009/12/02 14:59:05"
"COD_SEIBI_ZYOUKYOU_KBN01","整備状況区分01","7","KAKUNINZUMI","7","整備完了（完了確認済）","fsol05","2009/04/15 17:47:06","fsol14","2009/12/02 14:59:05"
"COD_SEIBI_ZYOUKYOU_KBN02","整備状況区分02","1","MIUKETUKE","1","未受付","fsol05","2009/04/15 17:47:06","fsol14","2009/12/02 14:59:29"
"COD_SEIBI_ZYOUKYOU_KBN02","整備状況区分02","2","MIKANRYOU","2","整備未完了","fsol05","2009/04/15 17:47:06","fsol14","2009/12/02 14:59:29"
"COD_SEIBI_ZYOUKYOU_KBN02","整備状況区分02","3","KANRYOU","3","整備完了","fsol05","2009/04/15 17:47:06","fsol14","2009/12/02 14:59:29"
"COD_SEIBI_ZYOUKYOU_KBN02","整備状況区分02","4","KAKUNINMATI","4","整備完了（完了確認待）","fsol05","2009/04/15 17:47:06","fsol14","2009/12/02 14:59:29"
"COD_SEIKYU_HAKKOU_KBN01","請求書発行区分01","1","HISOUHU","0","非送付","lpa00","2008/07/08 11:25:26","fsol14","2009/12/02 14:59:59"
"COD_SEIKYU_HAKKOU_KBN01","請求書発行区分01","2","SINTEN","1","親展","lpa00","2008/07/08 11:25:26","fsol14","2009/12/02 14:59:59"
"COD_SEIKYU_HAKKOU_KBN01","請求書発行区分01","3","TANMAZU","2","端末","lpa00","2008/07/08 11:25:26","fsol14","2009/12/02 14:59:59"
"COD_SEIKYU_HAKKOU_KBN02","請求書発行区分02","1","ALLVALUE","ALLVALUE","全て","fsol10","2011/01/06 22:40:34","fsol10","2011/01/06 22:40:34"
"COD_SEIKYU_HAKKOU_KBN02","請求書発行区分02","2","TANMATU","1","端末","fsol10","2011/01/06 22:40:34","fsol10","2011/01/06 22:40:34"
"COD_SEIKYU_HAKKOU_KBN02","請求書発行区分02","3","NASI","0","なし","fsol10","2011/01/06 22:40:34","fsol10","2011/01/06 22:40:34"
"COD_SEIKYU_HAKKOU_KBN03","請求書発行区分03","1","NASI","0","なし","fsol10","2011/01/06 22:40:34","fsol10","2011/01/06 22:40:34"
"COD_SEIKYU_HAKKOU_KBN03","請求書発行区分03","2","TANMATU","1","端末","fsol10","2011/01/06 22:40:34","fsol10","2011/01/06 22:40:34"
"COD_SEIKYU_KAKUTEI_KBN01","請求確定区分01","1","MIKAKUNIN","0","未確認","fsol20","2009/02/09 11:04:06","fsol14","2009/12/02 15:00:08"
"COD_SEIKYU_KAKUTEI_KBN01","請求確定区分01","2","KAKUNINTYU","1","確認中","fsol20","2009/02/09 11:04:06","fsol14","2009/12/02 15:00:08"
"COD_SEIKYU_KAKUTEI_KBN01","請求確定区分01","3","KAKUTEI","2","確定","fsol20","2009/02/09 11:04:06","fsol14","2009/12/02 15:00:08"
"COD_SEIKYU_KAKUTEI_KBN02","請求確定区分02","1","MIKAKUNIN","0","未確認","fsol20","2009/03/24 16:44:05","fsol14","2009/12/02 15:00:17"
"COD_SEIKYU_KAKUTEI_KBN02","請求確定区分02","2","KAKUNINTYU","1","確認中","fsol20","2009/03/24 16:44:05","fsol14","2009/12/02 15:00:17"
"COD_SEIKYU_SIHA_KBN01","請求支払区分01","1","SEIKYU","0","請求","lpa01","2008/05/01 19:06:59","fsol14","2009/12/02 15:00:26"
"COD_SEIKYU_SIHA_KBN01","請求支払区分01","2","SIHARAI","1","支払","lpa01","2008/05/01 19:06:59","fsol14","2009/12/02 15:00:26"
"COD_SEIKYU_SIHA_KBN01","請求支払区分01","3","SEIKYU_SIHARAI","2","請求支払","lpa01","2008/05/01 19:06:59","fsol14","2009/12/02 15:00:26"
"COD_SEIKYUSYO_KBN01","請求書区分01","1","SINPIN_HONTAI_SETTI","01","新品本体/設置","fsol05","2009/03/23 20:12:58","fsol14","2009/12/02 15:00:36"
"COD_SEIKYUSYO_KBN01","請求書区分01","2","SETTI_HIKIAGE","02","設置・引上","fsol05","2009/03/23 20:12:58","fsol14","2009/12/02 15:00:36"
"COD_SEIKYUSYO_KBN01","請求書区分01","3","DENKI_KOZI","05","電気工事","fsol05","2009/03/23 20:12:58","fsol14","2009/12/02 15:00:36"
"COD_SEIKYUSYO_KBN01","請求書区分01","4","HUTAI_KOZI","03","付帯工事","fsol05","2009/03/23 20:12:58","fsol14","2009/12/02 15:00:36"
"COD_SEIKYUSYO_KBN01","請求書区分01","5","TOKUBETU_KOZI","04","特別工事","fsol05","2009/03/23 20:12:58","fsol14","2009/12/02 15:00:36"
"COD_SEIKYUSYO_KBN01","請求書区分01","6","IPPAN","30","一般修理","fsol05","2009/03/23 20:12:58","fsol14","2009/12/02 15:00:36"
"COD_SEIKYUSYO_KBN01","請求書区分01","7","HOKEN","31","保険修理","fsol05","2009/03/23 20:12:58","fsol14","2009/12/02 15:00:36"
"COD_SEIKYUSYO_KBN01","請求書区分01","8","KAGAISYA","33","加害者負担修理","fsol05","2009/03/23 20:12:58","fsol14","2009/12/02 15:00:36"
"COD_SEIKYUSYO_KBN02","請求書区分02","1","SINPIN_HONTAI_SETTI","01","新品本体/設置","fsol05","2009/03/23 20:12:58","fsol14","2009/12/02 15:00:45"
"COD_SEIKYUSYO_KBN02","請求書区分02","2","SETTI_HIKIAGE","02","設置・引上","fsol05","2009/03/23 20:12:58","fsol14","2009/12/02 15:00:45"
"COD_SEIKYUSYO_KBN02","請求書区分02","3","DENKI_KOZI","05","電気工事","fsol05","2009/03/23 20:12:58","fsol14","2009/12/02 15:00:45"
"COD_SEIKYUSYO_KBN02","請求書区分02","4","HUTAI_KOZI","03","付帯工事","fsol05","2009/03/23 20:12:58","fsol14","2009/12/02 15:00:45"
"COD_SEIKYUSYO_KBN02","請求書区分02","5","TOKUBETU_KOZI","04","特別工事","fsol05","2009/03/23 20:12:58","fsol14","2009/12/02 15:00:45"
"COD_SEIKYUSYO_KBN02","請求書区分02","6","IPPAN","30","一般修理","fsol05","2009/03/23 20:12:58","fsol14","2009/12/02 15:00:45"
"COD_SEIKYUSYO_KBN02","請求書区分02","7","HOKEN","31","保険修理","fsol05","2009/03/23 20:12:58","fsol14","2009/12/02 15:00:45"
"COD_SEIKYUSYO_KBN02","請求書区分02","8","KAGAISYA","33","加害者負担修理","fsol05","2009/03/23 20:12:58","fsol14","2009/12/02 15:00:45"
"COD_SEIKYUSYO_KBN02","請求書区分02","9","SEIBI","20","整備","fsol05","2009/03/23 20:12:58","fsol14","2009/12/02 15:00:45"
"COD_SEIKYUSYO_KBN02","請求書区分02","10","HAIKI","70","廃棄","fsol05","2009/03/23 20:12:58","fsol14","2009/12/02 15:00:45"
"COD_SETTI_HIKIAGE_KBN01","設置引上区分01","1","SETTI","0","設置","fsol05","2009/03/23 20:12:58","fsol14","2009/12/02 15:00:54"
"COD_SETTI_HIKIAGE_KBN01","設置引上区分01","2","HIKIAGE","1","引上","fsol05","2009/03/23 20:12:58","fsol14","2009/12/02 15:00:54"
"COD_SETTI_KBN01","設置区分01","1","ALL","0","全て","fsol05","2009/03/23 20:12:58","fsol14","2009/12/02 15:01:02"
"COD_SETTI_KBN01","設置区分01","2","SETTI","1","設置","fsol05","2009/03/23 20:12:58","fsol14","2009/12/02 15:01:02"
"COD_SETTI_KBN01","設置区分01","3","ZAIKO","2","在庫","fsol05","2009/03/23 20:12:58","fsol14","2009/12/02 15:01:02"
"COD_SETTI_KBN02","設置区分02","1","TOK_HENKOU_SINKI","13","得意先変更（新規）","fsol05","2009/03/23 20:12:58","fsol14","2009/12/02 15:01:09"
"COD_SETTI_KBN02","設置区分02","2","TOK_HENKOU_KIZON","14","得意先変更（既存）","fsol05","2009/03/23 20:12:58","fsol14","2009/12/02 15:01:09"
"COD_SETTI_KBN03","設置区分03","1","SINSETU","01","新設","fsol05","2009/03/23 20:12:58","fsol14","2009/12/02 15:01:18"
"COD_SETTI_KBN03","設置区分03","2","KOUSIN","02","更新","fsol05","2009/03/23 20:12:58","fsol14","2009/12/02 15:01:18"
"COD_SETTI_KBN03","設置区分03","3","ZOUSETU","03","増設","fsol05","2009/03/23 20:12:58","fsol14","2009/12/02 15:01:18"
"COD_SETTI_KBN03","設置区分03","4","HEISETU","04","併設","fsol05","2009/03/23 20:12:58","fsol14","2009/12/02 15:01:18"
"COD_SETTI_KBN03","設置区分03","5","TANDOKU_ISETU","06","単独移設","fsol05","2009/03/23 20:12:58","fsol14","2009/12/02 15:01:18"
"COD_SETTI_KBN04","設置区分04","1","LOCATION_HENKOU_SINKI","15","ロケ変更（新規）","fsol05","2009/03/23 20:12:58","fsol14","2009/12/02 15:01:26"
"COD_SETTI_KBN04","設置区分04","2","LOCATION_HENKOU_KIZON","16","ロケ変更（既存）","fsol05","2009/03/23 20:12:58","fsol14","2009/12/02 15:01:26"
"COD_SETTI_KBN05","設置区分05","1","SINSETU","01","新設","fsol05","2009/03/23 20:12:58","fsol14","2009/12/02 15:10:53"
"COD_SETTI_KBN05","設置区分05","2","KOUSIN","02","更新","fsol05","2009/03/23 20:12:58","fsol14","2009/12/02 15:10:53"
"COD_SETTI_KBN05","設置区分05","3","TANDOKU_HIKIAGE","05","単独引上","fsol05","2009/03/23 20:12:58","fsol14","2009/12/02 15:10:53"
"COD_SETTI_KBN05","設置区分05","4","TANDOKU_ISETU","06","単独移設","fsol05","2009/03/23 20:12:58","fsol14","2009/12/02 15:10:53"
"COD_SETTI_KBN06","設置区分06","1","SINSETU","01","新設","fsol05","2009/03/23 20:12:58","fsol14","2009/12/02 15:11:01"
"COD_SETTI_KBN06","設置区分06","2","KOUSIN","02","更新","fsol05","2009/03/23 20:12:58","fsol14","2009/12/02 15:11:01"
"COD_SETTI_KBN06","設置区分06","3","ZOUSETU","03","増設","fsol05","2009/03/23 20:12:58","fsol14","2009/12/02 15:11:01"
"COD_SETTI_KBN06","設置区分06","4","HEISETU","04","併設","fsol05","2009/03/23 20:12:58","fsol14","2009/12/02 15:11:01"
"COD_SETTI_KBN06","設置区分06","5","TANDOKU_ISETU","06","単独移設","fsol05","2009/03/23 20:12:58","fsol14","2009/12/02 15:11:01"
"COD_SETTI_KBN06","設置区分06","6","ZYUKI_TOUROKU","10","什器登録","fsol05","2009/03/23 20:12:58","fsol14","2009/12/02 15:11:01"
"COD_SETTI_KBN06","設置区分06","7","TOK_HENKOU_SINKI","13","得意先変更（新規）","fsol05","2009/03/23 20:12:58","fsol14","2009/12/02 15:11:01"
"COD_SETTI_KBN06","設置区分06","8","TOK_HENKOU_KIZON","14","得意先変更（既存）","fsol05","2009/03/23 20:12:58","fsol14","2009/12/02 15:11:01"
"COD_SETTI_KBN06","設置区分06","9","LOCATION_HENKOU_SINKI","15","ロケ変更（新規）","fsol05","2009/03/23 20:12:58","fsol14","2009/12/02 15:11:01"
"COD_SETTI_KBN06","設置区分06","10","LOCATION_HENKOU_KIZON","16","ロケ変更（既存）","fsol05","2009/03/23 20:12:58","fsol14","2009/12/02 15:11:01"
"COD_SETTI_KBN07","設置区分07","1","SINSETU","01","新設","fsol05","2009/03/23 20:12:58","fsol14","2009/12/02 15:11:49"
"COD_SETTI_KBN07","設置区分07","2","KOUSIN","02","更新","fsol05","2009/03/23 20:12:58","fsol14","2009/12/02 15:11:49"
"COD_SETTI_KBN07","設置区分07","3","TANDOKU_HIKIAGE","05","単独引上","fsol05","2009/03/23 20:12:58","fsol14","2009/12/02 15:11:49"
"COD_SETTI_KBN07","設置区分07","4","TANDOKU_ISETU","06","単独移設","fsol05","2009/03/23 20:12:58","fsol14","2009/12/02 15:11:49"
"COD_SETTI_KBN08","設置区分08","1","SINSETU","01","新設","fsol05","2009/03/23 20:12:58","fsol14","2009/12/02 15:12:29"
"COD_SETTI_KBN08","設置区分08","2","KOUSIN","02","更新","fsol05","2009/03/23 20:12:58","fsol14","2009/12/02 15:12:29"
"COD_SETTI_KBN09","設置区分09","1","SINSETU","01","新設","fsol05","2009/04/15 17:47:06","fsol14","2009/12/02 15:12:39"
"COD_SETTI_KBN09","設置区分09","2","KOUSIN","02","更新","fsol05","2009/04/15 17:47:06","fsol14","2009/12/02 15:12:39"
"COD_SETTI_KBN09","設置区分09","3","TANDOKU_ISETU","06","単独移設","fsol05","2009/04/15 17:47:06","fsol14","2009/12/02 15:12:39"
"COD_SETTI_TEHAI_KBN01","設置手配区分01","1","SINPIN_SETTI","100","新品設置","fsol05","2009/03/23 20:12:58","fsol14","2009/12/02 14:01:12"
"COD_SETTI_TEHAI_KBN01","設置手配区分01","2","SINPIN_SETTI_HIKIAGE","110","新品設置・引上","fsol05","2009/03/23 20:12:58","fsol14","2009/12/02 14:01:12"
"COD_SETTI_TEHAI_KBN01","設置手配区分01","3","TYUKO_SETTI","200","中古設置","fsol05","2009/03/23 20:12:58","fsol14","2009/12/02 14:01:12"
"COD_SETTI_TEHAI_KBN01","設置手配区分01","4","TYUKO_SETTI_HIKIAGE","210","中古設置・引上","fsol05","2009/03/23 20:12:58","fsol14","2009/12/02 14:01:12"
"COD_SETTI_TEHAI_KBN01","設置手配区分01","5","ISETU","220","移設","fsol05","2009/03/23 20:12:58","fsol14","2009/12/02 14:01:12"
"COD_SETTI_TEHAI_KBN01","設置手配区分01","6","TENNAI_IDOU","221","店内移動","fsol05","2009/03/23 20:12:58","fsol14","2009/12/02 14:01:12"
"COD_SETTI_TEHAI_KBN01","設置手配区分01","7","TANDOKU_HIKIAGE","230","単独引上","fsol05","2009/03/23 20:12:58","fsol14","2009/12/02 14:01:12"
"COD_SETTI_TEHAI_KBN01","設置手配区分01","8","HYOUZYUN_KOZI_TANSOU","400","標準工事（単相）","fsol05","2009/03/23 20:12:58","fsol14","2009/12/02 14:01:12"
"COD_SETTI_TEHAI_KBN01","設置手配区分01","9","HYOUZYUN_KOZI_SANSOU","410","標準工事（三相）","fsol05","2009/03/23 20:12:58","fsol14","2009/12/02 14:01:12"
"COD_SETTI_TEHAI_KBN01","設置手配区分01","10","HUTAI_KOZI","300","付帯工事","fsol05","2009/03/23 20:12:58","fsol14","2009/12/02 14:01:12"
"COD_SETTI_TEHAI_KBN01","設置手配区分01","11","TOKUBETU_KOZI","310","特別工事","fsol05","2009/03/23 20:12:58","fsol14","2009/12/02 14:01:12"
"COD_SETTI_TEHAI_KBN01","設置手配区分01","12","SONOTA_KOJI","340","その他工事","fsol05","2009/03/23 20:12:58","fsol14","2009/12/02 14:01:12"
"COD_SETTI_TEHAI_KBN02","設置手配区分02","1","SINPIN_SETTI","100","新品設置","fsol05","2009/04/15 17:47:06","fsol14","2009/12/02 15:13:29"
"COD_SETTI_TEHAI_KBN02","設置手配区分02","2","SINPIN_SETTI_HIKIAGE","110","新品設置・引上","fsol05","2009/04/15 17:47:06","fsol14","2009/12/02 15:13:29"
"COD_SETTI_TEHAI_KBN02","設置手配区分02","3","TYUKO_SETTI","200","中古設置","fsol05","2009/04/15 17:47:06","fsol14","2009/12/02 15:13:29"
"COD_SETTI_TEHAI_KBN02","設置手配区分02","4","TYUKO_SETTI_HIKIAGE","210","中古設置・引上","fsol05","2009/04/15 17:47:06","fsol14","2009/12/02 15:13:29"
"COD_SETTI_TEHAI_KBN02","設置手配区分02","5","ISETU","220","移設","fsol05","2009/04/15 17:47:06","fsol14","2009/12/02 15:13:29"
"COD_SETTI_TEHAI_KBN02","設置手配区分02","6","TANDOKU_HIKIAGE","230","単独引上","fsol05","2009/04/15 17:47:06","fsol14","2009/12/02 15:13:29"
"COD_SETTI_ZYOUKYOU_KBN01","設置状況区分01","1","TOZITU","1","当日受付分＋未受付","fsol05","2009/03/23 20:12:58","fsol05","2010/01/19 15:11:43"
"COD_SETTI_ZYOUKYOU_KBN01","設置状況区分01","2","MIUKETUKE","2","未受付","fsol05","2009/03/23 20:12:58","fsol05","2010/01/19 15:11:43"
"COD_SETTI_ZYOUKYOU_KBN01","設置状況区分01","3","UKETUKEZUMI","3","受付済","fsol05","2009/03/23 20:12:58","fsol05","2010/01/19 15:11:43"
"COD_SETTI_ZYOUKYOU_KBN01","設置状況区分01","4","MIKANRYOU","4","設置未完了","fsol05","2009/03/23 20:12:58","fsol05","2010/01/19 15:11:43"
"COD_SETTI_ZYOUKYOU_KBN01","設置状況区分01","5","KANRYOU","5","設置完了","fsol05","2009/03/23 20:12:58","fsol05","2010/01/19 15:11:43"
"COD_SETTI_ZYOUKYOU_KBN01","設置状況区分01","6","KAKUNINMATI","6","設置完了（完了確認待）","fsol05","2009/03/23 20:12:58","fsol05","2010/01/19 15:11:43"
"COD_SETTI_ZYOUKYOU_KBN01","設置状況区分01","7","KAKUNINZUMI","7","設置完了（完了確認済）","fsol05","2009/03/23 20:12:58","fsol05","2010/01/19 15:11:43"
"COD_SETTI_ZYOUKYOU_KBN02","設置状況区分02","1","MIUKETUKE","1","未受付","fsol05","2009/03/23 20:12:58","fsol05","2010/01/19 15:12:58"
"COD_SETTI_ZYOUKYOU_KBN02","設置状況区分02","2","MIKANRYOU","2","設置未完了","fsol05","2009/03/23 20:12:58","fsol05","2010/01/19 15:12:58"
"COD_SETTI_ZYOUKYOU_KBN02","設置状況区分02","3","KANRYOU","3","設置完了","fsol05","2009/03/23 20:12:58","fsol05","2010/01/19 15:12:58"
"COD_SETTI_ZYOUKYOU_KBN02","設置状況区分02","4","KAKUNINMATI","4","設置完了（完了確認待）","fsol05","2009/03/23 20:12:58","fsol05","2010/01/19 15:12:58"
"COD_SHN_HANSOKU_KBN01","商品販促区分01","1","SHN","0","商品代","fsol10","2011/01/06 22:40:34","fsol10","2011/01/06 22:40:34"
"COD_SHN_HANSOKU_KBN01","商品販促区分01","2","HANSOKU","1","販促代","fsol10","2011/01/06 22:40:34","fsol10","2011/01/06 22:40:34"
"COD_SHN_HANSOKU_KBN02","商品販促区分02","1","ALLVALUE","ALLVALUE","全て","fsol10","2011/01/13 16:52:25","fsol10","2011/01/13 16:52:25"
"COD_SHN_HANSOKU_KBN02","商品販促区分02","2","SHN","0","商品代","fsol10","2011/01/13 16:52:25","fsol10","2011/01/13 16:52:25"
"COD_SHN_HANSOKU_KBN02","商品販促区分02","3","HANSOKU","1","販促代","fsol10","2011/01/13 16:52:25","fsol10","2011/01/13 16:52:25"
"COD_SIHA_ANNAI_OUT_KBN01","支払案内書出力区分01","1","HISOUHU","0","非送付","sis05","2008/07/04 16:51:34","fsol14","2009/12/02 15:14:00"
"COD_SIHA_ANNAI_OUT_KBN01","支払案内書出力区分01","2","SINTEN","1","親展","sis05","2008/07/04 16:51:34","fsol14","2009/12/02 15:14:00"
"COD_SIHA_ANNAI_OUT_KBN01","支払案内書出力区分01","3","TANMATU","2","端末","sis05","2008/07/04 16:51:34","fsol14","2009/12/02 15:14:00"
"COD_SIHA_ANNAISYO_KBN01","支払案内書送付区分01","1","HISOUHU","0","非送付","lpa00","2008/07/08 11:07:05","fsol14","2009/12/02 15:14:17"
"COD_SIHA_ANNAISYO_KBN01","支払案内書送付区分01","2","SINTEN","1","親展","lpa00","2008/07/08 11:07:05","fsol14","2009/12/02 15:14:17"
"COD_SIHA_ANNAISYO_KBN01","支払案内書送付区分01","3","TANMAZU","2","端末","lpa00","2008/07/08 11:07:05","fsol14","2009/12/02 15:14:17"
"COD_SIHA_CYCLE_KBN01","支払サイクル区分01","1","TOUGETU","0","当月","lpa00","2008/07/08 11:00:58","sis06","2011/02/10 10:54:50"
"COD_SIHA_CYCLE_KBN01","支払サイクル区分01","2","YOKUGETU","1","翌月","lpa00","2008/07/08 11:00:58","sis06","2011/02/10 10:54:50"
"COD_SIHA_CYCLE_KBN01","支払サイクル区分01","3","YOKU2GETU","2","翌々月","lpa00","2008/07/08 11:00:58","sis06","2011/02/10 10:54:50"
"COD_SIHA_CYCLE_KBN01","支払サイクル区分01","4","SONOTA","9","その他","lpa00","2008/07/08 11:00:58","sis06","2011/02/10 10:54:50"
"COD_SIHA_INFO_KBN01","支払先情報区分01","1","KIZON","0","既存","fsol07","2011/02/17 11:44:49","fsol07","2011/02/17 11:44:49"
"COD_SIHA_INFO_KBN01","支払先情報区分01","2","SINKI","1","新規","fsol07","2011/02/17 11:44:49","fsol07","2011/02/17 11:44:49"
"COD_SIHA_MEI_SITEI_KBN01","支払明細指定区分01","1","KANRYOU_DATA","0","完了データ","fsol05","2009/03/23 20:12:58","fsol14","2009/12/02 15:14:41"
"COD_SIHA_MEI_SITEI_KBN01","支払明細指定区分01","2","SIHARAI_DATA","1","支払データ","fsol05","2009/03/23 20:12:58","fsol14","2009/12/02 15:14:41"
"COD_SIHA_PTN01","支払パターン01","1","ZISYA","01","振込（手数料自社負担）","fsol07","2011/01/26 13:54:50","fsol07","2011/02/24 22:08:19"
"COD_SIHA_PTN01","支払パターン01","2","AITESAKI","02","振込（手数料相手負担）","fsol07","2011/01/26 13:54:50","fsol07","2011/02/24 22:08:19"
"COD_SIHA_PTN01","支払パターン01","3","SITEI_YOUSI","03","振込（振込指定用紙）手数料自社負担","fsol07","2011/01/26 13:54:50","fsol07","2011/02/24 22:08:19"
"COD_SIHA_PTN01","支払パターン01","4","ZISYA_SPOT","11","振込（手数料自社負担）","fsol07","2011/01/26 13:54:50","fsol07","2011/02/24 22:08:19"
"COD_SIHA_PTN01","支払パターン01","5","AITESAKI_SPOT","12","振込（手数料相手負担）","fsol07","2011/01/26 13:54:50","fsol07","2011/02/24 22:08:19"
"COD_SIHA_PTN01","支払パターン01","6","SITEI_YOUSI_SPOT","13","振込（振込指定用紙）手数料自社負担","fsol07","2011/01/26 13:54:50","fsol07","2011/02/24 22:08:19"
"COD_SIHA_SAKI_SYORI_KBN01","支払先処理区分01","1","SINKI","0","新規","lpa02","2008/12/19 18:08:06","fsol14","2009/12/02 15:14:50"
"COD_SIHA_SAKI_SYORI_KBN01","支払先処理区分01","2","SYUSEI","1","修正","lpa02","2008/12/19 18:08:06","fsol14","2009/12/02 15:14:50"
"COD_SIHA_SAKI_SYORI_KBN01","支払先処理区分01","3","KIZON","2","既存","lpa02","2008/12/19 18:08:06","fsol14","2009/12/02 15:14:50"
"COD_SIHA_TIMING_KBN01","支払タイミング区分01","1","MAIGETU","0","毎月","lpa00","2008/07/08 11:28:38","fsol14","2009/12/02 15:14:57"
"COD_SIHA_TIMING_KBN01","支払タイミング区分01","2","IKKATU","1","一括","lpa00","2008/07/08 11:28:38","fsol14","2009/12/02 15:14:57"
"COD_SIHA_TIMING_KBN01","支払タイミング区分01","3","NINIGETU","2","任意月","lpa00","2008/07/08 11:28:38","fsol14","2009/12/02 15:14:57"
"COD_SIHA_TIMING_KBN02","支払タイミング区分02","1","MAIGETU","0","毎月","fsol07","2011/02/17 11:49:02","fsol07","2011/02/17 11:49:02"
"COD_SIHA_TIMING_KBN02","支払タイミング区分02","2","IKKATU","1","一括","fsol07","2011/02/17 11:49:02","fsol07","2011/02/17 11:49:02"
"COD_SIHA_TIMING_KBN02","支払タイミング区分02","3","NINIGETU","2","任意月","fsol07","2011/02/17 11:49:02","fsol07","2011/02/17 11:49:02"
"COD_SIHA_TIMING_KBN02","支払タイミング区分02","4","MAITOSI","3","毎年","fsol07","2011/02/17 11:49:02","fsol07","2011/02/17 11:49:02"
"COD_SIHA_ZYOUKEN_KBN01","支払条件区分01","1","TEIRITU","00","定率","lpa00","2008/07/08 10:53:00","fsol14","2009/12/02 15:15:07"
"COD_SIHA_ZYOUKEN_KBN01","支払条件区分01","2","HATARI","01","本当り","lpa00","2008/07/08 10:53:00","fsol14","2009/12/02 15:15:07"
"COD_SIHA_ZYOUKEN_KBN01","支払条件区分01","3","BAIKA","02","売価詳細","lpa00","2008/07/08 10:53:00","fsol14","2009/12/02 15:15:07"
"COD_SIHA_ZYOUKEN_KBN01","支払条件区分01","4","TESURYOU","03","手数料なし","lpa00","2008/07/08 10:53:00","fsol14","2009/12/02 15:15:07"
"COD_SIHA_ZYOUKEN_KBN01","支払条件区分01","5","TENYURYOKU","04","手入力","lpa00","2008/07/08 10:53:00","fsol14","2009/12/02 15:15:07"
"COD_SIHA_ZYOUKEN_KBN02","支払条件区分02","1","TEIGAKU","0","定額","lpa00","2008/07/08 10:54:25","fsol14","2009/12/02 15:15:23"
"COD_SIHA_ZYOUKEN_KBN02","支払条件区分02","2","ZIPPI","1","実費","lpa00","2008/07/08 10:54:25","fsol14","2009/12/02 15:15:23"
"COD_SIHA_ZYOUKEN_KBN03","支払条件区分03","1","TEIGAKU","0","定額","fsol07","2011/02/17 11:15:13","fsol07","2011/02/17 11:15:13"
"COD_SIHA_ZYOUKEN_KBN03","支払条件区分03","2","ZIPPI","1","実費","fsol07","2011/02/17 11:15:13","fsol07","2011/02/17 11:15:13"
"COD_SIHA_ZYOUKEN_KBN03","支払条件区分03","3","SIHA_NASI","2","支払なし","fsol07","2011/02/17 11:15:13","fsol07","2011/02/17 11:15:13"
"COD_SIHARAI_STS_KBN01","支払状態区分01","1","MI_SINSEI","0","未申請","lpa00","2011/03/09 15:11:00","lpa00","2011/03/09 15:11:00"
"COD_SIHARAI_STS_KBN01","支払状態区分01","2","SINSEI_SUMI","1","申請済","lpa00","2011/03/09 15:11:00","lpa00","2011/03/09 15:11:00"
"COD_SIME_KBN01","締区分01","1","MI_SIME","0","未締","sis05","2008/07/10 14:00:43","fsol14","2009/12/02 15:15:32"
"COD_SIME_KBN01","締区分01","2","SIME","1","締","sis05","2008/07/10 14:00:43","fsol14","2009/12/02 15:15:32"
"COD_SIME_KIZYUN_KBN01","締基準区分01","1","ZISYA_SIME","0","自社締","fsol07","2011/02/01 18:44:16","fsol07","2011/02/01 18:44:16"
"COD_SIME_KIZYUN_KBN01","締基準区分01","2","AITE_SIME","1","相手締","fsol07","2011/02/01 18:44:16","fsol07","2011/02/01 18:44:16"
"COD_SINSEI_TAISYOU_KBN01","申請対象区分01","1","G2_SINSEI","0","Ｇ２申請","base08","2008/12/12 17:02:01","fsol14","2009/12/02 15:15:59"
"COD_SINSEI_TAISYOU_KBN01","申請対象区分01","2","K_SINSEI","1","Ｋ申請","base08","2008/12/12 17:02:01","fsol14","2009/12/02 15:15:59"
"COD_SINSEI_TAISYOU_KBN01","申請対象区分01","3","L_SINSEI","2","Ｌ申請","base08","2008/12/12 17:02:01","fsol14","2009/12/02 15:15:59"
"COD_SINSEI_TAISYOU_KBN02","申請対象区分02","1","SINSEI_TAISYOU","0","申請対象","sis05","2008/07/10 14:08:55","fsol14","2009/12/02 15:16:15"
"COD_SINSEI_TAISYOU_KBN02","申請対象区分02","2","SINSEI_TAISYOUGAI","1","申請対象外","sis05","2008/07/10 14:08:55","fsol14","2009/12/02 15:16:15"
"COD_SIRE_KAKAKU_KBN01","仕入価格変更区分01","1","ALL","0","全て","fsol05","2009/04/15 17:47:06","fsol14","2009/12/02 15:16:29"
"COD_SIRE_KAKAKU_KBN01","仕入価格変更区分01","2","HENKOU","1","変更分のみ","fsol05","2009/04/15 17:47:06","fsol14","2009/12/02 15:16:29"
"COD_SITEI_KBN01","指定区分01","1","ALL","0","全て","fsol05","2009/03/23 20:12:58","fsol14","2009/12/02 15:16:45"
"COD_SITEI_KBN01","指定区分01","2","SITEI","1","指定","fsol05","2009/03/23 20:12:58","fsol14","2009/12/02 15:16:45"
"COD_SOUKATU_KBN01","総括区分01","1","TUZYOU","0","通常先","lpa00","2008/07/08 10:59:42","fsol14","2009/12/02 15:16:54"
"COD_SOUKATU_KBN01","総括区分01","2","SOUKATU","1","総括先","lpa00","2008/07/08 10:59:42","fsol14","2009/12/02 15:16:54"
"COD_SOUKATU_KBN02","総括区分02","1","ALLVALUE","ALLVALUE","全て","lpa03","2009/02/03 13:51:05","fsol14","2009/12/02 15:17:09"
"COD_SOUKATU_KBN02","総括区分02","2","TUZYOU","0","通常先","lpa03","2009/02/03 13:51:05","fsol14","2009/12/02 15:17:09"
"COD_SOUKATU_KBN02","総括区分02","3","SOUKATU","1","総括先","lpa03","2009/02/03 13:51:05","fsol14","2009/12/02 15:17:09"
"COD_STS_TYUSYUTU_KBN01","状態抽出区分01","1","ALL","0","全て","lpa00","2011/03/09 15:10:21","lpa00","2011/03/09 15:10:21"
"COD_STS_TYUSYUTU_KBN01","状態抽出区分01","2","MI_SINSEI","1","未申請","lpa00","2011/03/09 15:10:21","lpa00","2011/03/09 15:10:21"
"COD_STS_TYUSYUTU_KBN01","状態抽出区分01","3","SINSEI_SUMI","2","申請済","lpa00","2011/03/09 15:10:21","lpa00","2011/03/09 15:10:21"
"COD_SUITOU_IN_KBN01","出納入力区分01","1","TUZYOU","0","通常","lpa03","2011/03/18 19:05:33","lpa03","2011/03/18 19:05:33"
"COD_SUITOU_IN_KBN01","出納入力区分01","2","RYOHI_KARIBARAI","1","旅費仮払戻入","lpa03","2011/03/18 19:05:33","lpa03","2011/03/18 19:05:33"
"COD_SYORI_HANI01","処理範囲01","1","IPPAN","1","一般","fsol07","2011/02/01 18:39:10","fsol07","2011/02/01 18:39:10"
"COD_SYORI_HANI01","処理範囲01","2","KOTEI","2","固定","fsol07","2011/02/01 18:39:10","fsol07","2011/02/01 18:39:10"
"COD_SYORI_HANI01","処理範囲01","3","HUTAN","3","負担","fsol07","2011/02/01 18:39:10","fsol07","2011/02/01 18:39:10"
"COD_SYORI_KBN01","処理区分01","1","NEW","1","新規","fsol07","2008/07/08 15:25:01","fsol14","2009/12/02 15:17:23"
"COD_SYORI_KBN02","処理区分02","1","UPD","2","変更","fsol07","2008/07/08 15:09:18","fsol14","2009/12/02 15:17:33"
"COD_SYORI_KBN03","処理区分03","1","NEW","1","新規","fsol07","2008/07/08 15:09:00","fsol14","2009/12/02 15:18:22"
"COD_SYORI_KBN03","処理区分03","2","UPD","2","変更","fsol07","2008/07/08 15:09:00","fsol14","2009/12/02 15:18:22"
"COD_SYORI_KBN04","処理区分04","1","DEL","3","削除","fsol07","2008/07/08 15:08:41","fsol14","2009/12/02 15:18:46"
"COD_SYORI_KBN05","処理区分05","1","NEW","1","新規","fsol07","2008/07/08 15:07:53","fsol14","2009/12/02 15:18:53"
"COD_SYORI_KBN05","処理区分05","2","DEL","3","削除","fsol07","2008/07/08 15:07:53","fsol14","2009/12/02 15:18:53"
"COD_SYORI_KBN06","処理区分06","1","UPD","2","変更","fsol07","2008/07/08 15:07:34","fsol14","2009/12/02 15:19:01"
"COD_SYORI_KBN06","処理区分06","2","DEL","3","削除","fsol07","2008/07/08 15:07:34","fsol14","2009/12/02 15:19:01"
"COD_SYORI_KBN07","処理区分07","1","NEW","1","新規","fsol07","2008/07/08 15:07:05","fsol14","2009/12/02 15:22:48"
"COD_SYORI_KBN07","処理区分07","2","UPD","2","変更","fsol07","2008/07/08 15:07:05","fsol14","2009/12/02 15:22:48"
"COD_SYORI_KBN07","処理区分07","3","DEL","3","削除","fsol07","2008/07/08 15:07:05","fsol14","2009/12/02 15:22:48"
"COD_SYORI_KBN08","処理区分08","1","REF","4","照会","fsol07","2008/07/08 15:06:42","fsol14","2009/12/02 15:23:44"
"COD_SYORI_KBN09","処理区分09","1","NEW","1","新規","fsol07","2008/07/08 15:06:23","fsol14","2009/12/02 15:24:08"
"COD_SYORI_KBN09","処理区分09","2","REF","4","照会","fsol07","2008/07/08 15:06:23","fsol14","2009/12/02 15:24:08"
"COD_SYORI_KBN10","処理区分10","1","UPD","2","変更","fsol07","2008/07/08 15:01:00","fsol14","2009/12/02 15:24:22"
"COD_SYORI_KBN10","処理区分10","2","REF","4","照会","fsol07","2008/07/08 15:01:00","fsol14","2009/12/02 15:24:22"
"COD_SYORI_KBN11","処理区分11","1","NEW","1","新規","fsol07","2008/07/08 15:00:39","fsol14","2009/12/02 15:24:30"
"COD_SYORI_KBN11","処理区分11","2","UPD","2","変更","fsol07","2008/07/08 15:00:39","fsol14","2009/12/02 15:24:30"
"COD_SYORI_KBN11","処理区分11","3","REF","4","照会","fsol07","2008/07/08 15:00:39","fsol14","2009/12/02 15:24:30"
"COD_SYORI_KBN12","処理区分12","1","DEL","3","削除","fsol07","2008/07/08 15:00:22","fsol14","2009/12/02 15:24:38"
"COD_SYORI_KBN12","処理区分12","2","REF","4","照会","fsol07","2008/07/08 15:00:22","fsol14","2009/12/02 15:24:38"
"COD_SYORI_KBN13","処理区分13","1","NEW","1","新規","fsol07","2008/07/08 14:59:57","fsol14","2009/12/02 15:24:44"
"COD_SYORI_KBN13","処理区分13","2","DEL","3","削除","fsol07","2008/07/08 14:59:57","fsol14","2009/12/02 15:24:44"
"COD_SYORI_KBN13","処理区分13","3","REF","4","照会","fsol07","2008/07/08 14:59:57","fsol14","2009/12/02 15:24:44"
"COD_SYORI_KBN14","処理区分14","1","UPD","2","変更","fsol07","2008/07/08 14:59:37","fsol14","2009/12/02 15:24:50"
"COD_SYORI_KBN14","処理区分14","2","DEL","3","削除","fsol07","2008/07/08 14:59:37","fsol14","2009/12/02 15:24:50"
"COD_SYORI_KBN14","処理区分14","3","REF","4","照会","fsol07","2008/07/08 14:59:37","fsol14","2009/12/02 15:24:50"
"COD_SYORI_KBN15","処理区分15","1","NEW","1","新規","fsol07","2008/07/08 14:59:18","fsol14","2009/12/02 15:25:16"
"COD_SYORI_KBN15","処理区分15","2","UPD","2","変更","fsol07","2008/07/08 14:59:18","fsol14","2009/12/02 15:25:16"
"COD_SYORI_KBN15","処理区分15","3","DEL","3","削除","fsol07","2008/07/08 14:59:18","fsol14","2009/12/02 15:25:16"
"COD_SYORI_KBN15","処理区分15","4","REF","4","照会","fsol07","2008/07/08 14:59:18","fsol14","2009/12/02 15:25:16"
"COD_SYORI_KBN16","処理区分16","1","NEW","1","新規","fsol03","2008/07/14 10:51:35","fsol14","2009/12/02 15:25:24"
"COD_SYORI_KBN16","処理区分16","2","UPD","2","変更","fsol03","2008/07/14 10:51:35","fsol14","2009/12/02 15:25:24"
"COD_SYORI_KBN16","処理区分16","3","DEL","3","削除","fsol03","2008/07/14 10:51:35","fsol14","2009/12/02 15:25:24"
"COD_SYORI_KBN16","処理区分16","4","REF","4","照会","fsol03","2008/07/14 10:51:35","fsol14","2009/12/02 15:25:24"
"COD_SYORI_KBN16","処理区分16","5","DIV","5","流用登録","fsol03","2008/07/14 10:51:35","fsol14","2009/12/02 15:25:24"
"COD_SYORI_KBN17","処理区分17","1","UPD","2","変更","sis00","2008/07/29 18:46:12","fsol14","2009/12/02 15:25:33"
"COD_SYORI_KBN17","処理区分17","2","DEL","3","削除","sis00","2008/07/29 18:46:12","fsol14","2009/12/02 15:25:33"
"COD_SYORI_KBN17","処理区分17","3","REF","4","照会","sis00","2008/07/29 18:46:12","fsol14","2009/12/02 15:25:33"
"COD_SYORI_KBN17","処理区分17","4","OUT","5","報告書出力","sis00","2008/07/29 18:46:12","fsol14","2009/12/02 15:25:33"
"COD_SYORI_KBN19","処理区分19","1","NEW","1","新規","lpa02","2008/08/18 18:54:27","fsol14","2009/12/02 15:26:15"
"COD_SYORI_KBN19","処理区分19","2","UPD","2","変更","lpa02","2008/08/18 18:54:27","fsol14","2009/12/02 15:26:15"
"COD_SYORI_KBN19","処理区分19","3","DEL","3","削除","lpa02","2008/08/18 18:54:27","fsol14","2009/12/02 15:26:15"
"COD_SYORI_KBN19","処理区分19","4","REF","4","照会","lpa02","2008/08/18 18:54:27","fsol14","2009/12/02 15:26:15"
"COD_SYORI_KBN19","処理区分19","5","RENEW","5","条件変更","lpa02","2008/08/18 18:54:27","fsol14","2009/12/02 15:26:15"
"COD_SYORI_KBN20","処理区分20","1","NEW","1","新規","lpa01","2008/08/19 15:20:54","fsol14","2009/12/02 15:26:22"
"COD_SYORI_KBN20","処理区分20","2","UPD","2","変更","lpa01","2008/08/19 15:20:54","fsol14","2009/12/02 15:26:22"
"COD_SYORI_KBN20","処理区分20","3","REF","4","照会","lpa01","2008/08/19 15:20:54","fsol14","2009/12/02 15:26:22"
"COD_SYORI_KBN20","処理区分20","4","RYU","5","流用登録","lpa01","2008/08/19 15:20:54","fsol14","2009/12/02 15:26:22"
"COD_SYORI_KBN21","処理区分21","1","REF","4","照会","base09","2008/12/09 14:45:43","fsol14","2009/12/02 15:26:29"
"COD_SYORI_KBN21","処理区分21","2","MEN","5","メンテナンス","base09","2008/12/09 14:45:43","fsol14","2009/12/02 15:26:29"
"COD_SYORI_KBN21","処理区分21","3","SIME","6","締","base09","2008/12/09 14:45:43","fsol14","2009/12/02 15:26:29"
"COD_SYORI_KBN22","処理区分22","1","SEL","1","抽出","base08","2008/12/11 11:48:24","fsol14","2009/12/02 15:31:12"
"COD_SYORI_KBN22","処理区分22","2","INS","2","振込予定変更プルーフリスト出力","base08","2008/12/11 11:48:24","fsol14","2009/12/02 15:31:12"
"COD_SYORI_KBN22","処理区分22","3","WRITE","3","振込データ作成","base08","2008/12/11 11:48:24","fsol14","2009/12/02 15:31:12"
"COD_SYORI_KBN22","処理区分22","4","RUN","4","仕訳実行","base08","2008/12/11 11:48:24","fsol14","2009/12/02 15:31:12"
"COD_SYORI_KBN23","処理区分23","1","NEW","1","新規","fsol05","2009/03/23 20:12:58","fsol14","2009/12/02 15:31:20"
"COD_SYORI_KBN23","処理区分23","2","UPD","2","変更","fsol05","2009/03/23 20:12:58","fsol14","2009/12/02 15:31:20"
"COD_SYORI_KBN23","処理区分23","3","DEL","3","削除","fsol05","2009/03/23 20:12:58","fsol14","2009/12/02 15:31:20"
"COD_SYORI_KBN23","処理区分23","4","REF","4","照会","fsol05","2009/03/23 20:12:58","fsol14","2009/12/02 15:31:20"
"COD_SYORI_KBN23","処理区分23","5","EIGYOUSYO","5","営業所用変更","fsol05","2009/03/23 20:12:58","fsol14","2009/12/02 15:31:20"
"COD_SYORI_KBN24","処理区分24","1","NEW","1","新規","fsol05","2009/03/23 20:12:58","fsol14","2009/12/02 15:31:27"
"COD_SYORI_KBN24","処理区分24","2","MAKERHENKYAKU","5","メーカー返却","fsol05","2009/03/23 20:12:58","fsol14","2009/12/02 15:31:27"
"COD_SYORI_KBN25","処理区分25","1","KARI_KAKUTEI","5","仮確定","fsol10","2011/01/06 22:40:34","fsol10","2011/01/18 21:03:09"
"COD_SYORI_KBN25","処理区分25","2","KAKUTEI","6","確定","fsol10","2011/01/06 22:40:34","fsol10","2011/01/18 21:03:09"
"COD_SYORI_KBN26","処理区分26","1","REF","4","照会","fsol07","2011/01/24 12:04:28","fsol07","2011/01/24 12:08:25"
"COD_SYORI_KBN26","処理区分26","2","MEN","5","メンテナンス","fsol07","2011/01/24 12:04:28","fsol07","2011/01/24 12:08:25"
"COD_SYORI_KBN27","処理区分27","1","UPD","2","変更","fsol07","2011/01/26 13:41:47","fsol07","2011/01/26 13:41:47"
"COD_SYORI_KBN27","処理区分27","2","DEL","3","削除","fsol07","2011/01/26 13:41:47","fsol07","2011/01/26 13:41:47"
"COD_SYORI_KBN27","処理区分27","3","CPY","5","複写","fsol07","2011/01/26 13:41:47","fsol07","2011/01/26 13:41:47"
"COD_SYORI_KBN28","処理区分28","1","NEW","1","新規","fsol07","2011/02/17 11:21:04","fsol07","2011/02/17 11:21:04"
"COD_SYORI_KBN28","処理区分28","2","UPD","2","変更","fsol07","2011/02/17 11:21:04","fsol07","2011/02/17 11:21:04"
"COD_SYORI_KBN28","処理区分28","3","DEL","3","削除","fsol07","2011/02/17 11:21:04","fsol07","2011/02/17 11:21:04"
"COD_SYORI_KBN28","処理区分28","4","REF","4","照会","fsol07","2011/02/17 11:21:04","fsol07","2011/02/17 11:21:04"
"COD_SYORI_KBN28","処理区分28","5","RENEW","5","条件変更","fsol07","2011/02/17 11:21:04","fsol07","2011/02/17 11:21:04"
"COD_SYORI_KBN28","処理区分28","6","CANCEL","6","解約","fsol07","2011/02/17 11:21:04","fsol07","2011/02/17 11:21:04"
"COD_SYOUNIN_STS01","承認状態01","1","KAISOU_MAE","0","回送前","wt01","2008/07/23 11:53:34","fsol14","2009/12/02 15:35:30"
"COD_SYOUNIN_STS01","承認状態01","2","MIKETU","1","未決","wt01","2008/07/23 11:53:34","fsol14","2009/12/02 15:35:30"
"COD_SYOUNIN_STS01","承認状態01","3","KAKETU","2","可決","wt01","2008/07/23 11:53:34","fsol14","2009/12/02 15:35:30"
"COD_SYOUNIN_STS01","承認状態01","4","HIKETU","3","否決","wt01","2008/07/23 11:53:34","fsol14","2009/12/02 15:35:30"
"COD_SYUKKIN_KBN01","出金区分01","1","YOKIN","0","預金","fsol07","2011/02/17 11:23:44","fsol07","2011/02/17 11:23:44"
"COD_SYUKKIN_KBN01","出金区分01","2","GENKIN","1","現金","fsol07","2011/02/17 11:23:44","fsol07","2011/02/17 11:23:44"
"COD_SYURI_KBN01","修理区分01","1","IPPAN","10","一般修理","fsol05","2009/03/23 20:12:58","fsol05","2009/03/24 11:26:55"
"COD_SYURI_KBN01","修理区分01","2","HOKEN","20","保険修理","fsol05","2009/03/23 20:12:58","fsol05","2009/03/24 11:26:55"
"COD_SYURI_KBN01","修理区分01","3","MUSYO","30","無償修理","fsol05","2009/03/23 20:12:58","fsol05","2009/03/24 11:26:55"
"COD_SYURI_KBN01","修理区分01","4","KAGAISYA","40","加害者負担修理","fsol05","2009/03/23 20:12:58","fsol05","2009/03/24 11:26:55"
"COD_SYURI_ZYOUKYOU_KBN01","修理状況区分01","1","TOZITU","1","当日受付分＋未受付","fsol05","2009/03/23 20:12:58","fsol05","2010/01/19 15:16:26"
"COD_SYURI_ZYOUKYOU_KBN01","修理状況区分01","2","MIUKETUKE","2","未受付","fsol05","2009/03/23 20:12:58","fsol05","2010/01/19 15:16:26"
"COD_SYURI_ZYOUKYOU_KBN01","修理状況区分01","3","UKETUKEZUMI","3","受付済","fsol05","2009/03/23 20:12:58","fsol05","2010/01/19 15:16:26"
"COD_SYURI_ZYOUKYOU_KBN01","修理状況区分01","4","MIKANRYOU","4","修理未完了","fsol05","2009/03/23 20:12:58","fsol05","2010/01/19 15:16:26"
"COD_SYURI_ZYOUKYOU_KBN01","修理状況区分01","5","KANRYOU","5","修理完了","fsol05","2009/03/23 20:12:58","fsol05","2010/01/19 15:16:26"
"COD_SYURI_ZYOUKYOU_KBN01","修理状況区分01","6","KAKUNINMATI","6","修理完了（完了確認待）","fsol05","2009/03/23 20:12:58","fsol05","2010/01/19 15:16:26"
"COD_SYURI_ZYOUKYOU_KBN01","修理状況区分01","7","KAKUNINZUMI","7","修理完了（完了確認済）","fsol05","2009/03/23 20:12:58","fsol05","2010/01/19 15:16:26"
"COD_SYURI_ZYOUKYOU_KBN02","修理状況区分02","1","MIUKETUKE","1","未受付","fsol05","2010/01/19 15:15:47","fsol05","2010/01/19 15:15:47"
"COD_SYURI_ZYOUKYOU_KBN02","修理状況区分02","2","MIKANRYOU","2","修理未完了","fsol05","2010/01/19 15:15:47","fsol05","2010/01/19 15:15:47"
"COD_SYURI_ZYOUKYOU_KBN02","修理状況区分02","3","KANRYOU","3","修理完了","fsol05","2010/01/19 15:15:47","fsol05","2010/01/19 15:15:47"
"COD_SYURI_ZYOUKYOU_KBN02","修理状況区分02","4","KAKUNINMATI","4","修理完了（完了確認待）","fsol05","2010/01/19 15:15:47","fsol05","2010/01/19 15:15:47"
"COD_TAISYOU_HANBAI_KBN01","対象販売先区分01","1","ALL","0","全て","fsol07","2011/02/17 11:11:07","fsol07","2011/02/17 11:11:07"
"COD_TAISYOU_HANBAI_KBN01","対象販売先区分01","2","GENTEI","1","限定","fsol07","2011/02/17 11:11:07","fsol07","2011/02/17 11:11:07"
"COD_TAISYOU_KBN01","対象区分01","1","ALL","0","全て","fsol05","2009/04/15 17:47:06","fsol14","2009/12/02 15:32:02"
"COD_TAISYOU_KBN01","対象区分01","2","KOUIKI","1","広域企業のみ","fsol05","2009/04/15 17:47:06","fsol14","2009/12/02 15:32:02"
"COD_TAISYOU_KBN01","対象区分01","3","KOUIKI_SITEI","2","広域企業コード指定","fsol05","2009/04/15 17:47:06","fsol14","2009/12/02 15:32:02"
"COD_TAISYOU_KBN01","対象区分01","4","SYUKAN_SITEI","3","主管部署コード指定","fsol05","2009/04/15 17:47:06","fsol14","2009/12/02 15:32:02"
"COD_TAISYOU_SIMEBI_KBN01","対象締日区分01","1","TOUZITU_BUN","0","当日分","fsol10","2011/01/06 22:40:34","fsol10","2011/01/06 22:40:34"
"COD_TAISYOU_SIMEBI_KBN01","対象締日区分01","2","HIDUKE_SITEI","1","日付指定","fsol10","2011/01/06 22:40:34","fsol10","2011/01/06 22:40:34"
"COD_TAISYOU_TOK_KBN01","対象得意先区分01","1","ALL","0","全て","fsol10","2011/01/06 22:40:34","fsol10","2011/01/06 22:40:34"
"COD_TAISYOU_TOK_KBN01","対象得意先区分01","2","OYAKO","1","親子","fsol10","2011/01/06 22:40:34","fsol10","2011/01/06 22:40:34"
"COD_TAISYOU_TOK_KBN01","対象得意先区分01","3","SOUKATU","2","総括","fsol10","2011/01/06 22:40:34","fsol10","2011/01/06 22:40:34"
"COD_TAISYOU_TOK_KBN01","対象得意先区分01","4","TYOUSEI","3","調整","fsol10","2011/01/06 22:40:34","fsol10","2011/01/06 22:40:34"
"COD_TAISYOUGAI_KBN01","対象外区分01","1","TAISYOU","0","対象","sis05","2008/07/10 14:07:39","fsol14","2009/12/02 15:32:09"
"COD_TAISYOUGAI_KBN01","対象外区分01","2","TAISYOUGAI","1","対象外","sis05","2008/07/10 14:07:39","fsol14","2009/12/02 15:32:09"
"COD_TAN_HIKIAGE_RIYU01","単独引上理由区分01","1","HEITEN_TOUSAN","01","閉店・倒産","fsol05","2009/03/23 20:12:58","fsol14","2009/12/02 15:32:16"
"COD_TAN_HIKIAGE_RIYU01","単独引上理由区分01","2","ITEN_TATINOKI","02","移転・立ち退き","fsol05","2009/03/23 20:12:58","fsol14","2009/12/02 15:32:16"
"COD_TAN_HIKIAGE_RIYU01","単独引上理由区分01","3","KOUKEISYA_NASI","03","後継者なし","fsol05","2009/03/23 20:12:58","fsol14","2009/12/02 15:32:16"
"COD_TAN_HIKIAGE_RIYU01","単独引上理由区分01","4","TENPO_KAISOU","04","店舗改装","fsol05","2009/03/23 20:12:58","fsol14","2009/12/02 15:32:16"
"COD_TAN_HIKIAGE_RIYU01","単独引上理由区分01","5","GENBA_KOUZI_SYURYOU","05","現場、工事終了","fsol05","2009/03/23 20:12:58","fsol14","2009/12/02 15:32:16"
"COD_TAN_HIKIAGE_RIYU01","単独引上理由区分01","6","URIAGE_GENSYOU","06","売上減少","fsol05","2009/03/23 20:12:58","fsol14","2009/12/02 15:32:16"
"COD_TAN_HIKIAGE_RIYU01","単独引上理由区分01","7","TASYA_KOUSEI","07","他社の攻勢","fsol05","2009/03/23 20:12:58","fsol14","2009/12/02 15:32:16"
"COD_TAN_HIKIAGE_RIYU01","単独引上理由区分01","8","KAISYA_HOUSIN_GYOUTAI_HENKOU","08","会社方針・業態変更","fsol05","2009/03/23 20:12:58","fsol14","2009/12/02 15:32:16"
"COD_TAN_HIKIAGE_RIYU01","単独引上理由区分01","9","KEIEISYA_KOUTAI","09","経営者交代","fsol05","2009/03/23 20:12:58","fsol14","2009/12/02 15:32:16"
"COD_TAN_HIKIAGE_RIYU01","単独引上理由区分01","10","ITIZI_AZUKARI","10","一時預り","fsol05","2009/03/23 20:12:58","fsol14","2009/12/02 15:32:16"
"COD_TAN_HIKIAGE_RIYU01","単独引上理由区分01","11","FOLLOW_SAKI_HENKOU","11","フォロー先変更","fsol05","2009/03/23 20:12:58","fsol14","2009/12/02 15:32:16"
"COD_TAN_HIKIAGE_RIYU01","単独引上理由区分01","12","SONOTA","12","その他","fsol05","2009/03/23 20:12:58","fsol14","2009/12/02 15:32:16"
"COD_TAN_HIKIAGE_RIYU01","単独引上理由区分01","13","SEISAKU_HIKIAGE","13","政策による引上","fsol05","2009/03/23 20:12:58","fsol14","2009/12/02 15:32:16"
"COD_TAN_MARUME_KBN01","単価丸め区分01","1","SONOMAMA","0","そのまま","fsol10","2009/05/26 18:00:19","fsol14","2009/12/02 15:35:49"
"COD_TAN_MARUME_KBN01","単価丸め区分01","2","KIRIAGE","1","切上げ","fsol10","2009/05/26 18:00:19","fsol14","2009/12/02 15:35:49"
"COD_TAN_MARUME_KBN01","単価丸め区分01","3","KIRISUTE","2","切捨て","fsol10","2009/05/26 18:00:19","fsol14","2009/12/02 15:35:49"
"COD_TAN_MARUME_KBN01","単価丸め区分01","4","ROUNDOFF","3","四捨五入","fsol10","2009/05/26 18:00:19","fsol14","2009/12/02 15:35:49"
"COD_TAN_MARUME_KETA_KBN01","単価丸め桁数区分01","1","SYOUSU_1","1","小数点第１位","fsol10","2009/05/26 18:02:01","fsol14","2009/12/02 15:35:55"
"COD_TAN_MARUME_KETA_KBN01","単価丸め桁数区分01","2","SYOUSU_2","2","小数点第２位","fsol10","2009/05/26 18:02:01","fsol14","2009/12/02 15:35:55"
"COD_TAN_MARUME_KETA_KBN01","単価丸め桁数区分01","3","SYOUSU_3","3","小数点第３位","fsol10","2009/05/26 18:02:01","fsol14","2009/12/02 15:35:55"
"COD_TAX_CALC_KBN01","消費税計算区分01","1","UTIZEI_SAKI","0","内税先","lpa01","2008/08/18 19:57:39","fsol14","2009/12/02 15:36:10"
"COD_TAX_CALC_KBN01","消費税計算区分01","2","SHN_MEI","1","商品明細","lpa01","2008/08/18 19:57:39","fsol14","2009/12/02 15:36:10"
"COD_TAX_CALC_KBN01","消費税計算区分01","3","DENPYOU_GOUKEI","2","伝票合計","lpa01","2008/08/18 19:57:39","fsol14","2009/12/02 15:36:10"
"COD_TAX_CALC_KBN01","消費税計算区分01","4","SEIKYU_ZI","3","請求時","lpa01","2008/08/18 19:57:39","fsol14","2009/12/02 15:36:10"
"COD_TAX_KBN01","消費税区分01","1","UTIZEI","0","内税","lpa00","2008/07/08 11:26:16","fsol14","2009/12/02 15:36:21"
"COD_TAX_KBN01","消費税区分01","2","SOTOZEI","1","外税","lpa00","2008/07/08 11:26:16","fsol14","2009/12/02 15:36:21"
"COD_TAX_KBN02","消費税区分02","1","UTIZEI","0","内税","fsol14","2008/10/14 10:02:10","fsol14","2009/12/02 15:36:27"
"COD_TAX_KBN02","消費税区分02","2","SOTOZEI","1","外税","fsol14","2008/10/14 10:02:10","fsol14","2009/12/02 15:36:27"
"COD_TAX_KBN02","消費税区分02","3","KYOUTU","2","共通","fsol14","2008/10/14 10:02:10","fsol14","2009/12/02 15:36:27"
"COD_TAX_KBN03","消費税区分03","1","UTIZEI","0","内税","fsol07","2011/01/26 13:46:09","fsol07","2011/01/26 13:46:09"
"COD_TAX_KBN03","消費税区分03","2","SOTOZEI","1","外税","fsol07","2011/01/26 13:46:09","fsol07","2011/01/26 13:46:09"
"COD_TAX_KBN03","消費税区分03","3","HIKAZEI","2","非課税","fsol07","2011/01/26 13:46:09","fsol07","2011/01/26 13:46:09"
"COD_TAX_KBN04","消費税区分04","1","UTIZEI","0","内税","fsol07","2011/02/17 11:24:14","lpa03","2011/03/18 19:04:14"
"COD_TAX_KBN04","消費税区分04","2","HIKAZEI","2","非課税","fsol07","2011/02/17 11:24:14","lpa03","2011/03/18 19:04:14"
"COD_TAX_MARUME_KBN01","消費税丸め区分01","1","UTIZEI_SAKI","0","内税先","lpa01","2008/08/18 20:08:29","fsol14","2009/12/02 15:36:33"
"COD_TAX_MARUME_KBN01","消費税丸め区分01","2","KIRIAGE","1","切り上げ","lpa01","2008/08/18 20:08:29","fsol14","2009/12/02 15:36:33"
"COD_TAX_MARUME_KBN01","消費税丸め区分01","3","KIRISUTE","2","切り捨て","lpa01","2008/08/18 20:08:29","fsol14","2009/12/02 15:36:33"
"COD_TAX_MARUME_KBN01","消費税丸め区分01","4","ROUNDOFF","3","四捨五入","lpa01","2008/08/18 20:08:29","fsol14","2009/12/02 15:36:33"
"COD_TAX_MARUME_KETA_KBN01","消費税丸め桁数区分01","1","UTIZEI_SAKI","0","内税先","lpa01","2008/08/18 20:04:41","fsol14","2009/12/02 15:36:39"
"COD_TAX_MARUME_KETA_KBN01","消費税丸め桁数区分01","2","SYOUSU_2","1","小数点第１位","lpa01","2008/08/18 20:04:41","fsol14","2009/12/02 15:36:39"
"COD_TAX_MARUME_KETA_KBN01","消費税丸め桁数区分01","3","SYOUSU_3","2","小数点第２位","lpa01","2008/08/18 20:04:41","fsol14","2009/12/02 15:36:39"
"COD_TAX_MARUME_KETA_KBN01","消費税丸め桁数区分01","4","SYOUSU_4","3","小数点第３位","lpa01","2008/08/18 20:04:41","fsol14","2009/12/02 15:36:39"
"COD_TAX_TYOUSEI_KBN01","消費税調整区分01","1","UTIZEI_SAKI","0","内税先","lpa01","2008/08/18 19:59:20","fsol14","2009/12/02 15:36:49"
"COD_TAX_TYOUSEI_KBN01","消費税調整区分01","2","NOUHINZI","1","納品時","lpa01","2008/08/18 19:59:20","fsol14","2009/12/02 15:36:49"
"COD_TAX_TYOUSEI_KBN01","消費税調整区分01","3","SEIKYUZI","2","請求時","lpa01","2008/08/18 19:59:20","fsol14","2009/12/02 15:36:49"
"COD_TAX_ZYOUKEN_KBN01","消費税計算条件区分01","1","ZEIKOMI","0","税込","fsol07","2011/02/01 18:46:50","fsol07","2011/02/01 18:46:50"
"COD_TAX_ZYOUKEN_KBN01","消費税計算条件区分01","2","ZEINUKI","1","税抜","fsol07","2011/02/01 18:46:50","fsol07","2011/02/01 18:46:50"
"COD_TC_SAGYOU_MEI_KBN01","ＴＣ作業明細区分01","1","BUZAI","0","部材","fsol05","2009/04/15 17:47:06","fsol14","2009/12/02 15:36:55"
"COD_TC_SAGYOU_MEI_KBN01","ＴＣ作業明細区分01","2","KOURYOU","1","工料","fsol05","2009/04/15 17:47:06","fsol14","2009/12/02 15:36:55"
"COD_TC_TYOUHYOU_KBN","TC帳票区分","1","SYURI","01","修理","fsol05","2009/03/23 20:12:58","fsol05","2009/03/23 20:14:10"
"COD_TC_TYOUHYOU_KBN","TC帳票区分","2","SEIBI","02","整備","fsol05","2009/03/23 20:12:58","fsol05","2009/03/23 20:14:10"
"COD_TC_TYOUHYOU_KBN","TC帳票区分","3","SINPIN_SETTI","03","新品設置","fsol05","2009/03/23 20:12:58","fsol05","2009/03/23 20:14:10"
"COD_TC_TYOUHYOU_KBN","TC帳票区分","4","TYUKO_SETTI","04","中古設置","fsol05","2009/03/23 20:12:58","fsol05","2009/03/23 20:14:10"
"COD_TC_TYOUHYOU_KBN","TC帳票区分","5","DENKI_KOUZI","05","電気工事","fsol05","2009/03/23 20:12:58","fsol05","2009/03/23 20:14:10"
"COD_TEGATA_SYURUI_KBN01","手形種類区分01","1","YAKUSOKU","0","約束","fsol10","2011/01/06 22:40:34","fsol10","2011/01/06 22:40:34"
"COD_TEGATA_SYURUI_KBN01","手形種類区分01","2","KAWASE","1","為替","fsol10","2011/01/06 22:40:34","fsol10","2011/01/06 22:40:34"
"COD_TEI_HEN_SINSEI_KBN01","口座停止変更申請区分01","1","TEISI","0","停止","sis02","2008/07/02 09:53:19","fsol14","2009/12/02 15:37:02"
"COD_TEI_HEN_SINSEI_KBN01","口座停止変更申請区分01","2","HENKOU","1","変更","sis02","2008/07/02 09:53:19","fsol14","2009/12/02 15:37:02"
"COD_TEISEI_RIYU_KBN01","訂正理由区分01","1","CLAIM","01","クレーム","fsol05","2009/03/23 20:12:58","fsol14","2009/12/02 15:37:09"
"COD_TEISEI_RIYU_KBN01","訂正理由区分01","2","SONOTA","02","その他","fsol05","2009/03/23 20:12:58","fsol14","2009/12/02 15:37:09"
"COD_TEIZIH_SINSEI_KBN01","定時Ｈ申請区分01","1","SHN_SIHA","1","商品支払","fsol07","2011/01/26 14:36:06","fsol07","2011/01/26 14:36:06"
"COD_TEIZIH_SINSEI_KBN01","定時Ｈ申請区分01","2","SIZAI_SIHA","2","資材支払","fsol07","2011/01/26 14:36:06","fsol07","2011/01/26 14:36:06"
"COD_TEIZIH_SINSEI_KBN01","定時Ｈ申請区分01","3","SIZAI_SIKYU","3","資材支給","fsol07","2011/01/26 14:36:06","fsol07","2011/01/26 14:36:06"
"COD_TEIZIH_SINSEI_KBN01","定時Ｈ申請区分01","4","BUTURYU_SIHA","4","物流支払","fsol07","2011/01/26 14:36:06","fsol07","2011/01/26 14:36:06"
"COD_TEIZIR_ZYOUKEN_KBN01","流通リベート条件区分01","1","MISYU","0","未収","fsol07","2011/02/17 11:03:44","fsol07","2011/02/17 11:03:44"
"COD_TEIZIR_ZYOUKEN_KBN01","流通リベート条件区分01","2","SONOTA","1","その他","fsol07","2011/02/17 11:03:44","fsol07","2011/02/17 11:03:44"
"COD_TOKUSYU_POST_NO_KBN01","特殊郵便番号区分","1","TUZYOU","0","通常郵便番号","fsol09","2009/01/29 19:11:59","fsol09","2009/01/29 19:14:13"
"COD_TOKUSYU_POST_NO_KBN01","特殊郵便番号区分","2","TOKUSYU","1","特殊郵便番号","fsol09","2009/01/29 19:11:59","fsol09","2009/01/29 19:14:13"
"COD_TORIHIKI_KBN01","取引区分01","1","GENKIN","0","現金","lpa01","2008/08/18 19:54:33","fsol14","2009/12/02 15:37:15"
"COD_TORIHIKI_KBN01","取引区分01","2","SIME","1","締客","lpa01","2008/08/18 19:54:33","fsol14","2009/12/02 15:37:15"
"COD_TORIHIKI_KBN02","取引区分02","1","ALLVALUE","ALLVALUE","全て","fsol10","2011/01/06 22:40:34","fsol10","2011/01/06 23:00:11"
"COD_TORIHIKI_KBN02","取引区分02","2","GENKIN","0","現金","fsol10","2011/01/06 22:40:34","fsol10","2011/01/06 23:00:11"
"COD_TORIHIKI_KBN02","取引区分02","3","SIME","1","締客","fsol10","2011/01/06 22:40:34","fsol10","2011/01/06 23:00:11"
"COD_TOSOU_KBN01","塗装区分01","1","ZENTOSOU","0","全塗装","fsol05","2009/06/12 18:04:56","fsol14","2009/12/02 15:37:25"
"COD_TOSOU_KBN01","塗装区分01","2","TOBIRATOSOU","1","扉塗装","fsol05","2009/06/12 18:04:56","fsol14","2009/12/02 15:37:25"
"COD_TOSOU_KBN01","塗装区分01","3","KATAGAWA","2","片側","fsol05","2009/06/12 18:04:56","fsol14","2009/12/02 15:37:25"
"COD_TOSOU_KBN01","塗装区分01","4","RYOUMEN","3","両面","fsol05","2009/06/12 18:04:56","fsol14","2009/12/02 15:37:25"
"COD_TOSOU_KBN01","塗装区分01","5","TOSOUNASI","4","塗装なし","fsol05","2009/06/12 18:04:56","fsol14","2009/12/02 15:37:25"
"COD_TOUROKU_KBN01","登録区分01","1","SINKI","00","新規","lpa01","2008/08/18 19:51:59","fsol14","2009/12/02 15:37:31"
"COD_TOUROKU_KBN01","登録区分01","2","KIZON","01","既存","lpa01","2008/08/18 19:51:59","fsol14","2009/12/02 15:37:31"
"COD_TOUROKU_SYORI_KBN01","登録処理区分01","1","ONLINE","0","オンライン","lpa00","2008/07/11 16:12:27","fsol14","2009/12/02 15:37:37"
"COD_TOUROKU_SYORI_KBN01","登録処理区分01","2","BATCH","1","バッチ","lpa00","2008/07/11 16:12:27","fsol14","2009/12/02 15:37:37"
"COD_TYOUAI_SIHA_KBN01","帳合支払区分01","1","TUZYOU_SIHA_TYOUAI","0","通常支払帳合","fsol07","2011/02/01 18:43:01","fsol07","2011/02/01 18:43:01"
"COD_TYOUAI_SIHA_KBN01","帳合支払区分01","2","TOKUSYU_SIHA_TYOUAI","1","特殊支払帳合","fsol07","2011/02/01 18:43:01","fsol07","2011/02/01 18:43:01"
"COD_TYOUHYOU_OUT_NAIYOU01","帳票出力内容01","1","MI_HENKIN_TYUSYUTU","0","未返金抽出","fsol23","2011/02/25 19:09:15","fsol23","2011/02/25 19:09:15"
"COD_TYOUHYOU_OUT_NAIYOU01","帳票出力内容01","2","AZUKARIKIN_HIS_REF","1","預り金履歴照会","fsol23","2011/02/25 19:09:15","fsol23","2011/02/25 19:09:15"
"COD_TYOUKA_KIKAN_KBN01","超過期間区分01","1","MONTHS_1","1","１ヵ月超","fsol10","2011/01/06 22:40:34","fsol10","2011/01/06 22:40:34"
"COD_TYOUKA_KIKAN_KBN01","超過期間区分01","2","MONTHS_3","3","３ヵ月超","fsol10","2011/01/06 22:40:34","fsol10","2011/01/06 22:40:34"
"COD_TYOUKA_KIKAN_KBN01","超過期間区分01","3","MONTHS_6","6","６ヵ月超","fsol10","2011/01/06 22:40:34","fsol10","2011/01/06 22:40:34"
"COD_TYUMON_KBN01","注文区分01","1","TYUMON_SINAI","0","毎日注文しない","fsol14","2008/10/10 16:45:40","fsol14","2009/12/02 15:37:42"
"COD_TYUMON_KBN01","注文区分01","2","TYUMON_SURU","1","毎日注文する","fsol14","2008/10/10 16:45:40","fsol14","2009/12/02 15:37:42"
"COD_TYUSYUTU_TAISYOU01","抽出対象01","1","MI_SYORI","0","未処理","fsol07","2011/01/26 14:31:20","fsol07","2011/01/26 14:31:20"
"COD_TYUSYUTU_TAISYOU01","抽出対象01","2","ALL","1","全て","fsol07","2011/01/26 14:31:20","fsol07","2011/01/26 14:31:20"
"COD_TYUSYUTU_ZYOUKEN_KBN01","抽出条件区分01","1","TOK","0","得意先","fsol10","2011/01/06 22:40:34","fsol10","2011/01/06 22:40:34"
"COD_TYUSYUTU_ZYOUKEN_KBN01","抽出条件区分01","2","BUSYO","1","部署","fsol10","2011/01/06 22:40:34","fsol10","2011/01/06 22:40:34"
"COD_TYUSYUTU_ZYOUKEN01","手数料再計算対象抽出条件01","1","ERR_TAISYOU","0","エラー対象","base08","2008/12/12 10:45:43","fsol14","2009/12/02 15:37:49"
"COD_TYUSYUTU_ZYOUKEN01","手数料再計算対象抽出条件01","2","COD_SITEI","1","コード指定","base08","2008/12/12 10:45:43","fsol14","2009/12/02 15:37:49"
"COD_UMU_KBN01","有無区分01","1","NASI","0","なし","lpa00","2008/07/08 11:07:59","fsol14","2009/12/02 15:37:55"
"COD_UMU_KBN01","有無区分01","2","ARI","1","あり","lpa00","2008/07/08 11:07:59","fsol14","2009/12/02 15:37:55"
"COD_URAGAKI_KBN01","裏書区分01","1","NASI","0","なし","fsol10","2011/01/06 22:40:34","fsol10","2011/01/06 22:40:34"
"COD_URAGAKI_KBN01","裏書区分01","2","ARI","1","あり","fsol10","2011/01/06 22:40:34","fsol10","2011/01/06 22:40:34"
"COD_URI_HOUKOKU_KBN01","売上報告区分01","1","NASI","0","報告なし","lpa00","2008/07/08 11:17:27","fsol14","2009/12/02 15:38:01"
"COD_URI_HOUKOKU_KBN01","売上報告区分01","2","SIHARAI","1","報告（支払）","lpa00","2008/07/08 11:17:27","fsol14","2009/12/02 15:38:01"
"COD_URI_HOUKOKU_KBN01","売上報告区分01","3","SEIKYU","2","報告（請求）","lpa00","2008/07/08 11:17:27","fsol14","2009/12/02 15:38:01"
"COD_URI_HOUKOKU_KBN01","売上報告区分01","4","NOMI","3","報告のみ","lpa00","2008/07/08 11:17:27","fsol14","2009/12/02 15:38:01"
"COD_URI_HOUKOKU_KBN02","売上報告区分02","1","SIHARAI","1","報告（支払）","base03","2009/01/20 11:02:26","fsol14","2009/12/02 15:38:08"
"COD_URI_HOUKOKU_KBN02","売上報告区分02","2","SEIKYU","2","報告（請求）","base03","2009/01/20 11:02:26","fsol14","2009/12/02 15:38:08"
"COD_URI_HOUKOKU_KBN02","売上報告区分02","3","NOMI","3","報告のみ","base03","2009/01/20 11:02:26","fsol14","2009/12/02 15:38:08"
"COD_URI_SYUKEI_KBN01","売上集計区分01","1","DYDO_KISYU","0","ダイドー機","lpa01","2008/08/18 20:20:33","fsol14","2009/12/02 15:38:19"
"COD_URI_SYUKEI_KBN01","売上集計区分01","2","TASYA_KISYU","1","他社機等","lpa01","2008/08/18 20:20:33","fsol14","2009/12/02 15:38:19"
"COD_WF_SINSEI_STS01","ワークフロー申請状態01","1","HOZON","0","保存","base01","2008/12/10 10:29:45","fsol14","2009/12/02 15:38:30"
"COD_WF_SINSEI_STS01","ワークフロー申請状態01","2","SINSEITYU","1","申請中","base01","2008/12/10 10:29:45","fsol14","2009/12/02 15:38:30"
"COD_WF_SINSEI_STS01","ワークフロー申請状態01","3","KESSAIZUMI","2","決裁済","base01","2008/12/10 10:29:45","fsol14","2009/12/02 15:38:30"
"COD_WF_SINSEI_STS01","ワークフロー申請状態01","4","HIKETUZUMI","3","否決済","base01","2008/12/10 10:29:45","fsol14","2009/12/02 15:38:30"
"COD_WF_SINSEI_STS01","ワークフロー申請状態01","5","TORIMODOSIZUMI","4","取戻済","base01","2008/12/10 10:29:45","fsol14","2009/12/02 15:38:30"
"COD_WF_SINSEI_STS01","ワークフロー申請状態01","6","TORIKESIZUMI","5","取消済","base01","2008/12/10 10:29:45","fsol14","2009/12/02 15:38:30"
"COD_YAKU_HYOUZI_KBN01","役職表示区分01","1","HYOUZI_KA","0","表示可","fsol10","2008/10/23 09:43:30","fsol14","2009/12/02 15:38:41"
"COD_YAKU_HYOUZI_KBN01","役職表示区分01","2","HYOUZI_FUKA","1","表示不可","fsol10","2008/10/23 09:43:30","fsol14","2009/12/02 15:38:41"
"COD_YUSYO_MUSYO_KBN01","有償無償区分01","1","ALL","00","全て","fsol05","2009/03/23 20:12:58","fsol14","2009/12/02 15:38:47"
"COD_YUSYO_MUSYO_KBN01","有償無償区分01","2","MUSYO","01","無償","fsol05","2009/03/23 20:12:58","fsol14","2009/12/02 15:38:47"
"COD_YUSYO_MUSYO_KBN01","有償無償区分01","3","YUSYO","02","有償","fsol05","2009/03/23 20:12:58","fsol14","2009/12/02 15:38:47"
"COD_YUSYO_MUSYO_KBN01","有償無償区分01","4","YUSYO_SIHARAI","03","有償支払先","fsol05","2009/03/23 20:12:58","fsol14","2009/12/02 15:38:47"
"COD_YUSYO_MUSYO_KBN01","有償無償区分01","5","MUSYO_SIHARAI","04","有償完了先","fsol05","2009/03/23 20:12:58","fsol14","2009/12/02 15:38:47"
"COD_ZANSAI_RENTAL_KBN01","残債レンタル区分01","1","EIGYOUSYO","0","営業所負担","fsol05","2009/03/23 20:12:58","fsol14","2009/12/02 15:39:34"
"COD_ZANSAI_RENTAL_KBN01","残債レンタル区分01","2","ZANSAI","1","残債中古レンタル","fsol05","2009/03/23 20:12:58","fsol14","2009/12/02 15:39:34"
"COD_ZIHANKI_KBN01","自販機区分01","1","ZIHANKI","01","自販機","fsol05","2009/03/23 20:12:58","fsol14","2009/12/02 15:39:43"
"COD_ZIHANKI_KBN01","自販機区分01","2","SONOTA","02","その他","fsol05","2009/03/23 20:12:58","fsol14","2009/12/02 15:39:43"
"COD_ZIHANKI_KBN02","自販機区分02","1","ALL","0","全て","fsol05","2009/03/23 20:12:58","fsol14","2009/12/02 15:39:49"
"COD_ZIHANKI_KBN02","自販機区分02","2","ZIHANKI","1","自販機","fsol05","2009/03/23 20:12:58","fsol14","2009/12/02 15:39:49"
"COD_ZIHANKI_KBN02","自販機区分02","3","ZYUKI","2","什器","fsol05","2009/03/23 20:12:58","fsol14","2009/12/02 15:39:49"
"COD_ZIHANKI_KBN03","自販機区分03","1","ZIHANKI","0","自販機","fsol05","2009/05/13 09:57:32","fsol14","2009/12/02 15:39:58"
"COD_ZIHANKI_KBN03","自販機区分03","2","ZYUKI","1","什器","fsol05","2009/05/13 09:57:32","fsol14","2009/12/02 15:39:58"
"COD_ZIKKOU_KBN01","実行区分01","1","SINAI","0","しない","lpa00","2008/07/11 15:18:29","fsol14","2009/12/02 15:40:03"
"COD_ZIKKOU_KBN01","実行区分01","2","SURU","1","する","lpa00","2008/07/11 15:18:29","fsol14","2009/12/02 15:40:03"
"COD_ZIKO_HUTAN_KBN","事故負担区分01","1","ZISYA_HOKEN","0","自社保険","fsol05","2009/03/23 20:12:58","fsol14","2009/12/02 15:40:09"
"COD_ZIKO_HUTAN_KBN","事故負担区分01","2","KAGAISYA_HUTAN","1","加害者負担","fsol05","2009/03/23 20:12:58","fsol14","2009/12/02 15:40:09"
"COD_ZIKO_NAIYOU_KBN01","事故内容区分01","1","KOZIAKE","01","こじ開け","fsol05","2009/03/23 20:12:58","fsol14","2009/12/02 15:40:15"
"COD_ZIKO_NAIYOU_KBN01","事故内容区分01","2","ATENIGE","02","当て逃げによる破損","fsol05","2009/03/23 20:12:58","fsol14","2009/12/02 15:40:15"
"COD_ZIKO_NAIYOU_KBN01","事故内容区分01","3","ITAZURA","03","いたずらによる破損","fsol05","2009/03/23 20:12:58","fsol14","2009/12/02 15:40:15"
"COD_ZIKO_NAIYOU_KBN01","事故内容区分01","4","TOUNAN_MOKUTEI","04","盗難目的の破損","fsol05","2009/03/23 20:12:58","fsol14","2009/12/02 15:40:15"
"COD_ZIKO_NAIYOU_KBN01","事故内容区分01","5","SUIGAI","05","水害","fsol05","2009/03/23 20:12:58","fsol14","2009/12/02 15:40:15"
"COD_ZIKO_NAIYOU_KBN01","事故内容区分01","6","KASAI","06","火災","fsol05","2009/03/23 20:12:58","fsol14","2009/12/02 15:40:15"
"COD_ZIKO_NAIYOU_KBN01","事故内容区分01","7","HOUKA","07","放火","fsol05","2009/03/23 20:12:58","fsol14","2009/12/02 15:40:15"
"COD_ZIKO_NAIYOU_KBN01","事故内容区分01","8","RAKURAI","08","落雷","fsol05","2009/03/23 20:12:58","fsol14","2009/12/02 15:40:15"
"COD_ZIKO_NAIYOU_KBN01","事故内容区分01","9","HUGAI","09","風害","fsol05","2009/03/23 20:12:58","fsol14","2009/12/02 15:40:15"
"COD_ZITUKADOU_KBN01","実稼働区分01","1","ALL","00","全て","fsol05","2009/03/23 20:12:58","fsol14","2009/12/02 15:40:21"
"COD_ZITUKADOU_KBN01","実稼働区分01","2","KADO","01","稼働","fsol05","2009/03/23 20:12:58","fsol14","2009/12/02 15:40:21"
"COD_ZITUKADOU_KBN01","実稼働区分01","3","HIKADO","02","非稼働","fsol05","2009/03/23 20:12:58","fsol14","2009/12/02 15:40:21"
"COD_ZITUKADOU_KBN02","実稼働区分02","1","KADO","01","稼働","fsol05","2009/04/15 17:47:06","fsol14","2009/12/02 15:40:42"
"COD_ZITUKADOU_KBN02","実稼働区分02","2","HIKADO","02","非稼働","fsol05","2009/04/15 17:47:06","fsol14","2009/12/02 15:40:42"
"COD_ZYOUKEN_TEKIYOU_KBN01","流通リベート条件適用区分01","1","TANDOKU","0","単独","fsol07","2011/02/17 11:06:36","fsol07","2011/02/17 11:06:36"
"COD_ZYOUKEN_TEKIYOU_KBN01","流通リベート条件適用区分01","2","KAISOU","1","階層","fsol07","2011/02/17 11:06:36","fsol07","2011/02/17 11:06:36"
