フォームID,フォーム名称,フォームタイプID,備考,登録担当者,登録日付,更新担当者,更新時間
"CMD00701","バッチカレンダマスタメンテナンス","13","","fsol09","2008/10/10 16:17:41","fsol09","2009/05/26 13:47:25"
"AXD00101","納品書明細入力","13","大同薬品工業","fsol20","2009/02/05 14:44:09","fsol20","2009/08/11 23:58:02"
"AXD00201","支払元帳出力","17","大同薬品工業","fsol20","2009/02/05 14:46:12","fsol20","2009/04/16 10:09:49"
"AXD00301","経費明細一覧表出力","17","大同薬品工業","fsol20","2009/02/05 14:52:05","fsol16","2009/03/25 23:21:58"
"AXD00401","請求確定一覧","13","大同薬品工業","fsol20","2009/02/05 14:54:18","fsol20","2009/04/11 17:00:44"
"AXD00402","請求確定明細","16","大同薬品工業","fsol20","2009/02/05 14:55:59","fsol20","2009/04/07 21:40:25"
"CBD00101","会計締日設定","13","","base10","2009/02/06 18:52:10","base01","2009/03/05 15:12:35"
"CED00101","得意先一括変更入力","13","","base07","2009/03/26 15:19:57","base23","2009/10/06 20:40:49"
"CED00201","契約書No.一括訂正","12","","base07","2009/03/26 15:21:07","base07","2009/11/27 15:17:16"
"CED00301","管理票No.一括訂正","12","","fsas06","2009/03/24 14:52:29","fsas02","2009/12/21 16:59:31"
"CED00401","契約内容訂正","12","","base07","2009/03/26 15:22:11","base07","2010/02/03 15:43:06"
"CED00501","移動履歴照会","13","","fsas06","2009/03/24 14:53:00","fsas02","2009/12/21 17:43:42"
"CED00502","移動履歴照会（詳細）","13","","fsas06","2009/03/24 14:53:18","fsas02","2010/07/08 13:09:14"
"CMD00101","部署マスタメンテナンス","12","","fsol09","2008/05/01 16:42:13","fsol09","2011/04/03 10:43:26"
"CMD00301","役職マスタメンテナンス","13","","fsol09","2008/07/14 21:04:20","fsol09","2009/05/26 13:47:25"
"CMD00401","兼務マスタメンテナンス","13","","fsol09","2008/06/19 15:19:00","fsol09","2009/05/26 13:47:25"
"CMD00501","代行者設定","13","","fsol14","2008/10/16 18:43:28","fsol09","2009/06/05 18:29:02"
"CMD00601","承認ルートマスタメンテナンス","13","","fsol09","2008/07/15 14:40:01","fsol09","2009/05/26 13:47:25"
"CMD00801","郵便番号マスタアップロード／登録","12","","fsol09","2008/05/20 13:45:30","fsol09","2009/09/10 10:36:08"
"CMD00901","特殊郵便番号マスタメンテナンス","12","","fsol10","2008/07/23 16:27:29","fsol09","2009/07/07 17:00:32"
"CMD01001","汎用コントロールマスタメンテナンス","13","","fsol10","2008/05/10 15:00:51","fsol09","2009/05/26 13:47:25"
"CMD01101","名称マスタメンテナンス","13","","fsol10","2008/05/10 13:54:50","fsol09","2009/05/26 13:47:25"
"CMD01401","取引条件マスタメンテナンス","13","","fsol14","2008/10/09 18:58:48","fsol09","2009/07/28 14:52:57"
"KDD00101","総括先情報取得","17","","sis01","2008/05/01 14:58:14","base01","2009/05/14 16:24:06"
"KDD00301","代行管理帳","13","","sis01","2008/05/01 18:06:12","base12","2010/03/08 19:46:45"
"KDD00401","請求書（代行分）印刷","17","","sis01","2008/05/02 10:41:18","base01","2009/04/30 15:20:16"
"KMD00101","販促資材マスタメンテナンス","13","","base03","2010/12/22 14:57:00","base05","2011/03/01 14:56:24"
"KQD00101","有償販促資材未回収一覧印刷","17","","fsas08","2011/01/18 17:02:39","fsas08","2011/03/03 19:34:09"
"KSD00101","請求予定リスト印刷","17","","fsas08","2011/01/18 16:48:49","fsas04","2011/03/09 14:50:08"
"KSD00301","請求確定（商品代）","13","","fsas08","2011/01/18 13:20:10","fsas08","2011/04/01 19:43:25"
"KSD00401","請求確定一覧印刷","17","","fsas08","2011/01/18 16:07:56","fsas08","2011/03/08 11:40:03"
"KSD00601","請求確定（販促代）","13","","fsas02","2011/01/18 14:11:13","fsas08","2011/04/01 19:50:07"
"KSD00901","請求書　再発行／照会","13","","fsas08","2011/01/18 17:09:03","fsas08","2011/04/05 14:17:56"
"KSD00902","請求明細","16","","fsas08","2011/01/18 17:56:59","fsas08","2011/03/23 19:40:53"
"KUD00201","締客売掛金滞留リスト印刷","17","","fsas08","2011/01/18 18:32:49","fsas08","2011/03/03 19:24:30"
"KUD00301","締客売掛金異常リスト印刷","17","","fsas08","2011/01/18 18:37:41","fsas08","2011/03/03 19:27:24"
"KUD00401","締客支払条件不一致リスト印刷","17","","fsas08","2011/01/18 18:43:57","fsas08","2011/03/03 19:29:23"
"KUD00501","締客売掛請求・入金不一致リスト印刷","17","","fsas08","2011/01/18 18:45:41","fsas08","2011/03/03 19:31:38"
"KUD00601","現金客売掛金異常リスト（部署別）印刷","17","","fsas08","2011/01/18 18:47:41","fsas08","2011/03/09 14:52:55"
"KUD00901","売掛金残高確認リスト印刷","17","","fsas08","2011/01/18 19:19:48","fsas02","2011/03/18 19:25:32"
"MID00101","振込振分入力","13","","base03","2010/12/21 14:23:38","base03","2011/04/03 13:23:08"
"MID00201","自動入金データ連携","13","","base07","2010/12/27 10:57:47","base04","2011/03/22 13:19:47"
"MKD00101","小切手・手形送付申請","13","","base03","2011/01/04 15:57:40","base11","2011/03/25 15:18:12"
"MKD00102","申請箱（小切手・手形送付申請）","13","","base01","2011/02/10 20:49:10","base11","2011/03/25 09:50:58"
"MKD00103","未決箱（小切手・手形送付申請）","13","","base01","2011/02/10 20:50:27","base11","2011/03/25 09:54:19"
"MKD00104","既決箱（小切手・手形送付申請）","13","","base01","2011/02/10 20:51:07","base11","2011/03/25 09:54:44"
"MKD00401","手形・先日付小切手管理表","13","","base04","2010/12/24 17:51:47","base11","2011/02/17 20:41:50"
"MKD00402","手形・先日付小切手管理表詳細","16","","base04","2010/12/27 17:06:29","base04","2011/01/19 14:00:53"
"MKD00501","手形・先日付小切手異常リスト印刷","17","","base07","2010/12/27 13:35:35","base07","2010/12/27 13:41:55"
"MMD00101","請求先口座メンテナンス","13","","base04","2010/12/28 13:57:46","base04","2011/02/24 18:40:33"
"MMD00102","請求先口座メンテナンス入力","13","","base04","2010/12/28 15:18:55","base04","2011/02/14 14:50:35"
"MMD00201","請求先口座移動","13","","base07","2010/12/28 09:51:33","base04","2011/02/23 18:14:44"
"MMD00202","移動請求先一括選択","13","","base07","2010/12/28 10:13:06","base04","2011/02/22 16:21:49"
"MRD00101","経理日報（直販）","13","","base01","2010/12/27 13:46:16","base03","2011/03/09 14:22:15"
"MRD00102","一括集金入力","13","","base01","2010/12/27 14:34:54","base11","2011/04/01 18:20:52"
"MRD00103","その他一覧","13","","base01","2010/12/27 14:35:44","base03","2011/04/01 16:26:15"
"MRD00104","申請箱（経理日報（直販））","13","","base01","2011/01/21 19:01:57","base03","2011/03/04 13:17:41"
"MRD00105","未決箱（経理日報（直販））","13","","base01","2011/01/21 19:02:42","base03","2011/03/04 13:18:17"
"MRD00106","既決箱（経理日報（直販））","13","","base01","2011/01/21 19:03:11","base03","2011/03/04 13:18:58"
"MRD00201","経理日報（卸）","13","","base01","2010/12/27 16:29:58","base03","2011/02/28 10:03:08"
"MRD00202","卸入金入力","13","","base01","2010/12/27 16:31:42","base06","2011/04/04 13:49:38"
"MRD00203","申請箱（経理日報（卸））","13","","base01","2011/01/21 18:35:59","base03","2011/02/21 09:52:55"
"MRD00204","未決箱（経理日報（卸））","13","","base01","2011/01/21 18:41:16","base03","2011/02/18 18:23:07"
"MRD00205","既決箱（経理日報（卸））","13","","base01","2011/01/21 18:41:40","base03","2011/02/18 18:23:27"
"MRD00301","他部署入金一覧","16","","base07","2010/12/27 15:17:56","base03","2011/03/09 15:11:40"
"MRD00302","経理日報（一括・振込）","13","","base07","2010/12/27 15:19:18","base03","2011/03/10 17:24:28"
"MRD00303","一括・振込　入金入力","13","","base07","2010/12/27 15:18:53","base07","2011/01/17 11:44:28"
"MRD00304","申請箱（経理日報（一括・振込））","13","","base07","2011/01/05 16:27:57","base03","2011/03/09 15:57:38"
"MRD00305","未決箱（経理日報（一括・振込））","13","","base07","2011/01/05 16:28:23","base03","2011/03/09 15:57:59"
"MRD00306","既決箱（経理日報（一括・振込））","13","","base07","2011/01/05 16:28:48","base03","2011/03/09 15:58:17"
"MRD00401","経理日報（調整）","13","","base01","2010/12/24 15:26:18","base03","2011/04/01 11:57:58"
"MRD00402","申請箱（経理日報（調整））","13","","base07","2011/01/13 13:03:36","base03","2011/03/18 16:36:24"
"MRD00403","未決箱（経理日報（調整））","13","","base07","2011/01/13 13:04:07","base03","2011/03/18 16:36:45"
"MRD00404","既決箱（経理日報（調整））","13","","base07","2011/01/13 13:04:28","base03","2011/03/18 16:37:10"
"MRD00501","預入入力","13","","base07","2010/12/10 15:41:58","base06","2011/02/10 18:52:36"
"MRD00601","小切手・手形一覧","13","","base07","2010/12/10 18:13:30","base07","2011/03/10 16:24:52"
"MRD00602","小切手・手形情報入力","12","","base07","2010/12/22 11:22:08","base07","2011/01/19 13:47:53"
"MRD00701","追加過不足入力","13","","base07","2010/12/10 16:14:31","base07","2011/01/21 10:31:31"
"MRD00801","商品・販促代振分","13","","base01","2010/12/24 13:25:38","base06","2011/04/05 14:13:45"
"MRD00901","その他詳細一覧","13","","base07","2010/12/22 15:04:11","base06","2011/04/04 16:27:57"
"MRD01001","保留小切手/保留手形回収","13","","base07","2010/12/22 14:21:53","base08","2011/02/08 11:20:14"
"MRD01101","レンタル不能回収","13","","base07","2010/12/22 13:39:04","base08","2011/02/07 15:44:46"
"MRD01201","末端振分入力","13","","base07","2010/12/17 10:30:35","base08","2011/02/24 15:50:46"
"MRD01301","他部署振分","13","","base01","2010/12/24 10:14:17","base07","2011/02/25 09:21:31"
"MRD01401","預入申請","13","","base03","2011/01/04 10:22:42","base11","2011/03/03 11:40:35"
"MRD01402","申請箱（預入申請）","13","","base01","2011/02/10 10:24:26","base11","2011/02/16 20:21:02"
"MRD01403","未決箱（預入申請）","13","","base01","2011/02/10 10:25:08","base11","2011/02/16 20:21:18"
"MRD01404","既決箱（預入申請）","13","","base01","2011/02/10 10:25:56","base11","2011/02/16 20:21:33"
"MRD01501","過不足申請対象一覧","13","","base03","2011/01/04 13:08:49","base11","2011/03/07 17:51:00"
"MRD01502","預入後過不足申請","13","","base03","2011/01/04 13:36:54","base11","2011/03/02 18:21:40"
"MRD01503","申請箱（預入過不足申請）","13","","base01","2011/02/10 13:29:43","base03","2011/02/21 09:15:26"
"MRD01504","未決箱（預入過不足申請）","13","","base01","2011/02/10 13:30:18","base11","2011/03/07 17:51:28"
"MRD01505","既決箱（預入過不足申請）","13","","base01","2011/02/10 13:30:52","base03","2011/02/21 09:16:52"
"MRD01601","経理日報商品代入金照会","16","","base07","2010/12/27 13:49:46","base02","2011/01/28 15:08:48"
"MYD00101","手持預金への入金申請","12","","lpa00","2011/03/09 14:36:50","lpa02","2011/03/30 15:21:58"
"MYD00102","申請箱（手持預金への入金申請）","13","","lpa00","2011/03/09 14:37:08","lpa02","2011/03/29 18:02:03"
"MYD00103","未決箱（手持預金への入金申請）","13","","lpa00","2011/03/09 14:40:54","lpa02","2011/03/29 18:09:21"
"MYD00104","既決箱（手持預金への入金申請）","13","","lpa00","2011/03/09 14:41:09","lpa02","2011/03/29 18:13:39"
"MYD00201","経費出納日報","13","","lpa06","2011/03/02 15:46:05","lpa03","2011/03/29 16:35:38"
"MYD00202","申請箱（経費出納日報）","13","","lpa06","2011/03/03 13:23:54","lpa03","2011/03/29 15:25:51"
"MYD00203","未決箱（経費出納日報）","13","","lpa06","2011/03/03 14:09:23","lpa03","2011/03/29 15:26:51"
"MYD00204","既決箱（経費出納日報）","13","","lpa06","2011/03/03 14:34:38","lpa03","2011/03/29 15:28:27"
"MYD00205","支払明細登録","12","","lpa06","2011/03/03 15:19:48","lpa03","2011/03/29 15:30:21"
"MYD00208","FO預り金支払(現金)","13","","lpa06","2011/03/07 09:23:34","lpa03","2011/03/29 15:32:03"
"MYD00301","旅費仮払金照会","16","","lpa00","2011/03/09 14:36:18","lpa00","2011/03/31 17:11:09"
"OCD00101","覚書登録","13","","lpa00","2011/03/09 14:35:40","lpa01","2011/04/04 13:54:22"
"OCD00102","覚書内容入力(ロケ支援等)","12","","lpa00","2011/03/09 14:35:08","lpa01","2011/04/04 11:08:50"
"OCD00103","覚書内容入力(共通用)","13","","lpa00","2011/03/09 14:33:37","lpa01","2011/04/04 10:57:23"
"OCD00104","覚書内容入力(販売奨励金)","12","","lpa00","2011/03/09 14:32:48","lpa01","2011/04/04 10:51:21"
"OCD00105","覚書内容入力(関連費援助)","12","","lpa00","2011/03/09 14:34:07","lpa01","2011/04/04 11:04:39"
"OCD00106","覚書内容入力(商品拡販リベート)","13","","lpa00","2011/03/09 14:33:13","lpa01","2011/04/04 11:00:45"
"OCD00201","覚書期限切れリスト印刷","17","","lpa00","2011/03/09 14:32:19","lpa07","2011/03/31 18:11:42"
"OVD00201","覚書登録（自販機展開）","12","","base20","2009/03/24 16:39:35","base12","2009/12/02 14:53:49"
"OVD00301","卸別自販機覚書契約・設置明細一覧印刷","22","","base20","2009/03/24 16:38:05","base21","2009/05/26 14:19:34"
"OVD005_B","自販機展開一覧照会_bak","16","","base14","2009/05/15 14:18:06","base14","2009/05/15 14:18:06"
"OVD00501","自販機展開一覧照会","16","","base20","2009/03/24 17:09:15","base14","2009/05/19 10:01:22"
"OVD3TEST","卸別自販機テスト","23","","base12","2010/02/17 11:25:44","base12","2010/02/17 11:25:44"
"PCD00101","B.一般請求","13","","lpa06","2011/03/07 16:06:48","lpa03","2011/03/29 16:35:52"
"PCD00102","申請箱（B.一般請求）","13","","lpa06","2011/03/07 17:03:50","lpa04","2011/03/29 15:05:17"
"PCD00103","未決箱（B.一般請求）","13","","lpa06","2011/03/07 17:23:05","lpa03","2011/03/29 16:15:18"
"PCD00104","既決箱（B.一般請求）","13","","lpa06","2011/03/07 17:29:54","lpa03","2011/03/29 16:16:20"
"PCD00105","B.一般請求一覧","13","","lpa06","2011/03/07 15:46:56","lpa03","2011/03/29 16:25:34"
"PCD00201","E.固定払","13","","lpa06","2011/03/04 13:48:43","lpa03","2011/03/29 16:36:05"
"PCD00202","申請箱（E.固定払）","13","","lpa06","2011/03/04 14:57:16","lpa03","2011/03/29 16:19:43"
"PCD00203","未決箱（E.固定払）","13","","lpa06","2011/03/04 15:44:42","lpa03","2011/03/29 16:20:32"
"PCD00204","既決箱（E.固定払）","13","","lpa06","2011/03/04 15:56:31","lpa03","2011/03/29 16:23:05"
"PCD00205","E.固定払一覧","13","","lpa06","2011/03/04 13:07:38","lpa03","2011/03/29 16:24:58"
"PCD00301","随時支払依頼","12","","lpa00","2011/03/09 14:29:43","lpa07","2011/03/31 17:59:21"
"PCD00302","申請箱(随時支払依頼)","13","","lpa00","2011/03/09 14:30:20","lpa07","2011/03/31 18:00:24"
"PCD00303","未決箱(随時支払依頼)","13","","lpa00","2011/03/09 14:30:41","lpa07","2011/03/31 18:03:14"
"PCD00304","既決箱(随時支払依頼)","13","","lpa00","2011/03/09 14:31:04","lpa07","2011/03/31 18:05:15"
"PCD00305","仕訳明細入力","13","","lpa00","2011/03/09 14:31:30","lpa01","2011/03/28 18:06:59"
"PCD00401","随時支払仕訳明細プルーフ印刷","17","","lpa00","2011/03/09 14:28:56","lpa07","2011/03/31 18:09:06"
"PCD00501","負担部署一覧","13","","lpa00","2011/03/09 14:28:00","lpa07","2011/03/31 16:19:57"
"PCD00601","負担得意先一覧","13","","lpa00","2011/03/09 14:27:34","lpa07","2011/03/31 16:26:07"
"PCD00701","FO預り金一覧","13","","lpa06","2011/03/07 10:10:11","lpa05","2011/04/05 22:49:30"
"PCD00801","支払進捗照会","13","","lpa04","2011/03/24 17:15:17","lpa04","2011/03/25 16:40:37"
"PFD00201","Ｇ１フルオペ支払申請","13","","sis05","2008/05/20 11:28:52","base07","2011/02/17 17:24:08"
"PFD00202","申請箱（Ｇ１フルオペ支払申請）","13","","sis02","2008/07/23 17:47:06","base07","2011/02/17 17:25:10"
"PFD00203","未決箱（Ｇ１フルオペ支払申請）","13","","sis02","2008/07/23 17:47:30","base01","2009/03/23 15:50:31"
"PFD00204","既決箱（Ｇ１フルオペ支払申請）","13","","sis02","2008/07/23 17:47:46","base07","2011/02/17 17:25:47"
"PFD00301","Ｇ２フルオペ手数料支払申請","13","","Administrator","2009/02/23 14:55:29","base07","2011/02/17 17:20:08"
"PFD00302","申請箱（Ｇ２フルオペ手数料支払申請）","13","","sis02","2008/07/23 18:29:14","base07","2011/02/17 17:22:21"
"PFD00303","未決箱（Ｇ２フルオペ手数料支払申請）","13","","sis02","2008/07/23 18:24:18","base01","2009/08/01 19:40:07"
"PFD00304","既決箱（Ｇ２フルオペ手数料支払申請）","13","","sis02","2008/07/23 18:24:34","base07","2011/02/17 17:23:02"
"PFD00401","フルオペ手数料繰越一覧","16","","sis05","2008/06/30 10:16:17","base01","2009/08/01 19:44:58"
"PFD00601","フルオペ支払口座停止・変更申請","13","","sis05","2008/07/01 14:30:21","base07","2011/02/17 15:43:42"
"PFD00602","申請箱（フルオペ支払口座停止・変更申請）","13","","sis02","2008/07/23 16:27:03","base07","2011/02/17 15:46:48"
"PFD00603","未決箱（フルオペ支払口座停止・変更申請）","13","","sis02","2008/07/23 16:27:56","base08","2009/04/20 14:08:46"
"PFD00604","既決箱（フルオペ支払口座停止・変更申請）","13","","sis02","2008/07/23 16:28:18","base07","2011/02/17 15:49:07"
"PFD00605","支払先集約明細","13","","base08","2008/12/05 10:34:01","base08","2009/03/09 14:35:30"
"PFD00701","振込データ処理","13","","sis05","2008/06/30 11:18:18","base00","2009/08/01 19:26:28"
"PFD00801","フルオペ手数料明細","17","","sis05","2008/06/30 10:20:11","base00","2009/08/01 19:30:14"
"PFD00901","フルオペ手数料情報取得","17","","sis05","2008/06/30 10:20:51","base08","2009/01/19 21:29:49"
"PFD01001","振込案内書出力","17","","sis05","2008/06/30 10:21:40","base00","2010/12/06 21:53:44"
"PFD01301","Ｋフルオペ総括支払申請","13","","sis05","2008/06/30 10:22:20","base07","2011/01/27 13:09:23"
"PFD01302","申請箱（Ｋフルオペ総括支払申請）","13","","sis02","2008/07/23 18:51:51","base07","2011/01/27 13:11:46"
"PFD01303","未決箱（Ｋフルオペ総括支払申請）","13","","sis02","2008/07/23 18:52:05","base01","2009/03/23 15:51:47"
"PFD01304","既決箱（Ｋフルオペ総括支払申請）","13","","sis02","2008/07/23 18:52:26","base07","2011/01/27 13:12:41"
"PFD01501","Ｌ募金申請","13","","base00","2009/01/09 19:03:39","base07","2011/01/28 09:14:44"
"PFD01502","申請箱（Ｌ募金申請）","13","","sis02","2008/07/23 18:54:07","base07","2011/01/28 09:15:51"
"PFD01503","未決箱（Ｌ募金申請）","13","","sis02","2008/07/23 18:54:25","base01","2009/03/24 15:35:26"
"PFD01504","既決箱（Ｌ募金申請）","13","","sis02","2008/07/23 18:54:41","base07","2011/01/28 09:16:33"
"PFD01505","Ｌ募金申請【ロケーション別】","13","","sis05","2008/07/04 19:21:50","base01","2009/08/01 17:58:44"
"PFD01801","銀行振分マスタメンテナンス","13","","base08","2008/12/11 19:03:43","base01","2009/09/29 11:27:32"
"PFD01901","おはよう帳票出力","13","","base08","2008/12/11 21:08:52","base10","2009/03/27 16:55:52"
"PFD02001","FO預り金支払申請","13","","lpa06","2011/03/24 17:14:48","lpa05","2011/03/29 13:03:51"
"PFD02002","申請箱（FO預り金支払申請）","13","","lpa05","2011/03/24 19:40:19","lpa05","2011/03/29 14:32:52"
"PFD02003","未決箱（FO預り金支払申請）","13","","lpa05","2011/03/24 19:59:05","lpa05","2011/03/29 14:53:54"
"PFD02004","既決箱（FO預り金支払申請）","13","","lpa05","2011/03/24 19:59:39","lpa05","2011/03/29 14:54:21"
"PFD02005","保存箱（FO預り金支払申請）","13","","lpa05","2011/03/24 20:00:04","lpa05","2011/03/29 14:54:51"
"PHD00101","H.商品資材物流支払申請","13","","lpa00","2011/03/09 14:24:56","lpa07","2011/03/31 17:11:18"
"PHD00102","申請箱(H.商品資材物流支払申請)","13","","lpa00","2011/03/09 14:26:14","lpa07","2011/03/31 17:15:26"
"PHD00103","未決箱(H.商品資材物流支払申請)","13","","lpa00","2011/03/09 14:26:39","lpa07","2011/03/31 17:18:55"
"PHD00104","既決箱(H.商品資材物流支払申請)","13","","lpa00","2011/03/09 14:26:59","lpa07","2011/03/31 17:22:46"
"PHD00105","H.商品資材物流支払一覧","13","","lpa00","2011/03/09 14:24:35","lpa07","2011/03/31 17:25:01"
"PMD00101","支払先登録変更","12","","lpa00","2011/03/09 14:22:55","lpa01","2011/03/31 19:01:30"
"PMD00102","申請箱(支払先登録変更)","13","","lpa00","2011/03/09 14:23:18","lpa01","2011/03/29 17:51:30"
"PMD00103","未決箱(支払先登録変更)","13","","lpa00","2011/03/09 14:23:32","lpa01","2011/03/29 17:51:58"
"PMD00104","既決箱(支払先登録変更)","13","","lpa00","2011/03/09 14:23:47","lpa01","2011/03/29 17:52:19"
"PMD00201","定時請求払開始変更","13","","lpa06","2011/03/07 13:50:19","lpa03","2011/03/29 16:36:44"
"PMD00202","申請箱（定時請求払開始変更）","13","","lpa06","2011/03/07 14:54:20","lpa03","2011/03/29 16:28:28"
"PMD00203","未決箱（定時請求払開始変更）","13","","lpa06","2011/03/07 15:25:41","lpa03","2011/03/29 16:28:48"
"PMD00204","既決箱（定時請求払開始変更）","13","","lpa06","2011/03/07 15:32:58","lpa03","2011/03/29 16:29:10"
"PMD00301","定時固定払開始変更","13","","lpa06","2011/03/04 09:19:19","lpa03","2011/03/29 16:38:03"
"PMD00302","申請箱（定時固定払開始変更）","13","","lpa06","2011/03/04 10:48:43","lpa04","2011/03/29 14:57:23"
"PMD00303","未決箱（定時固定払開始変更）","13","","lpa06","2011/03/04 11:45:59","lpa03","2011/03/29 16:30:04"
"PMD00304","既決箱（定時固定払開始変更）","13","","lpa06","2011/03/04 12:00:13","lpa03","2011/03/29 16:30:45"
"PMD00401","定時請求固定支払マスタ部署一括変換","13","","lpa00","2011/03/09 14:22:18","lpa07","2011/03/31 18:17:50"
"PMD00501","取引先・支払先対応マスタメンテナンス","12","","lpa00","2011/03/09 14:21:42","lpa02","2011/03/31 19:29:08"
"PMD00601","請求先・支払先対応マスタメンテナンス","12","","lpa00","2011/03/09 14:21:21","lpa00","2011/03/31 17:09:33"
"POD00101","覚書支払申請","13","","lpa00","2011/03/09 14:18:01","lpa02","2011/03/30 15:17:04"
"POD00102","申請箱（覚書支払申請）","13","","lpa00","2011/03/09 14:18:27","lpa02","2011/03/29 20:07:55"
"POD00103","未決箱（覚書支払申請）","13","","lpa00","2011/03/09 14:18:52","lpa02","2011/03/29 20:12:29"
"POD00104","既決箱（覚書支払申請）","13","","lpa00","2011/03/09 14:19:14","lpa02","2011/03/29 20:15:19"
"POD00105","保存箱（覚書支払申請）","13","","lpa00","2011/03/09 14:42:29","lpa02","2011/03/29 20:16:51"
"POD00106","ロケーション明細登録","13","","lpa00","2011/03/09 14:20:38","lpa02","2011/03/30 09:13:42"
"POD00107","金額明細登録","13","","lpa00","2011/03/09 14:20:02","lpa02","2011/03/29 20:29:02"
"POD00201","前払費用一覧出力","12","","lpa06","2011/03/02 15:04:09","lpa03","2011/03/29 14:42:33"
"POD00301","覚書総括支払申請","13","","lpa00","2011/03/09 14:12:45","lpa02","2011/03/30 15:20:12"
"POD00302","申請箱(覚書総括支払申請)","13","","lpa00","2011/03/09 14:13:19","lpa02","2011/03/29 18:45:00"
"POD00303","未決箱(覚書総括支払申請)","13","","lpa00","2011/03/09 14:14:20","lpa02","2011/03/29 18:56:33"
"POD00304","既決箱(覚書総括支払申請)","13","","lpa00","2011/03/09 14:14:56","lpa02","2011/03/29 19:00:32"
"POD00401","前払費用残高メンテナンス","13","","lpa06","2011/03/02 10:04:40","lpa06","2011/04/06 13:26:39"
"PRD00106","流通リベート金額明細登録","13","","lpa06","2011/03/07 11:07:45","lpa04","2011/03/25 17:01:38"
"RKD00101","流通リベート条件登録（未収・その他）","13","","lpa06","2011/03/03 16:36:18","lpa03","2011/03/31 21:44:09"
"RMD00101","企業１グループマスタメンテナンス","12","","lpa00","2011/03/09 14:05:39","lpa02","2011/04/01 21:33:31"
"RMD00201","企業１マスタメンテナンス","13","","lpa00","2011/03/09 14:11:12","lpa08","2011/04/04 19:33:35"
"RMD00301","企業２グループマスタメンテナンス","12","","lpa00","2011/03/09 14:10:53","lpa00","2011/04/01 21:27:56"
"RMD00401","企業２マスタメンテナンス","13","","lpa00","2011/03/09 14:10:23","lpa00","2011/03/31 17:10:21"
"RMD00501","帳合先マスタメンテナンス","12","","lpa00","2011/03/09 14:09:16","lpa00","2011/04/05 17:13:05"
"RMD00601","チェーンマスタメンテナンス","12","","lpa00","2011/03/09 14:08:56","lpa00","2011/04/04 19:37:15"
"RMD00701","流通販促費目マスタメンテナンス","13","","lpa00","2011/03/09 14:07:13","lpa00","2011/03/31 17:09:59"
"SND00101","販促資材社内納品（送付）申請","13","","base03","2010/12/23 13:15:52","base03","2011/02/28 10:53:51"
"SND00102","申請箱（販促資材社内納品（送付）申請）","13","","base03","2010/12/23 13:16:47","base03","2011/01/31 19:32:51"
"SND00103","未決箱（販促資材社内納品（送付）申請）","13","","base03","2010/12/23 13:17:19","base03","2011/01/31 19:33:44"
"SND00104","既決箱（販促資材社内納品（送付）申請）","13","","base03","2010/12/23 13:17:41","base03","2011/01/31 19:37:24"
"SND00201","未受領（販促資材社内納品（受領）申請）","13","","base03","2010/12/24 13:15:32","base05","2011/03/02 17:18:43"
"SND00202","販促資材社内納品（受領）申請","13","","base03","2010/12/24 13:16:33","base05","2011/03/02 17:20:25"
"SND00203","申請箱（販促資材社内納品（受領）申請）","13","","base03","2010/12/24 13:17:12","base05","2011/03/02 17:22:01"
"SND00204","未決箱（販促資材社内納品（受領）申請）","13","","base01","2011/02/09 18:29:21","base01","2011/02/09 18:55:01"
"SND00205","既決箱（販促資材社内納品（受領）申請）","13","","base01","2011/02/09 18:52:58","base01","2011/02/09 19:06:12"
"SND00301","販促資材社外納品（送付）申請","13","","base03","2010/12/24 16:29:31","base05","2011/02/28 20:18:58"
"SND00302","申請箱（販促資材社外納品（送付）申請）","13","","base01","2011/02/10 20:36:09","base01","2011/02/14 11:40:36"
"SND00303","未決箱（販促資材社外納品（送付）申請）","13","","base01","2011/02/10 20:36:56","base01","2011/02/14 11:40:49"
"SND00304","既決箱（販促資材社外納品（送付）申請）","13","","base01","2011/02/10 20:37:33","base01","2011/02/14 11:41:01"
"SYD00201","与信情報メンテナンス","16","","base03","2010/12/22 17:14:45","base05","2011/02/23 14:13:49"
"SYD00202","与信情報入力","13","","base03","2010/12/22 17:15:35","base05","2011/02/22 15:41:04"
"SZD00101","得意先取引一覧印刷","17","","fsas02","2011/01/18 18:56:52","fsas02","2011/03/25 16:07:46"
"SZD00201","有償販促資材元帳印刷","17","","fsas02","2011/01/18 18:25:51","fsas02","2011/03/25 13:53:30"
"THD00101","破産債権登録","12","","fsas07","2011/01/19 09:11:30","fsas07","2011/03/16 16:21:42"
"THD00201","貸倒損失登録","12","","fsas02","2011/01/18 17:09:59","fsas07","2011/03/10 14:25:52"
"TKD00201","協定書入力","13","","lpa02","2008/05/15 11:27:08","lpa00","2010/02/12 14:52:47"
"TKD00202","売価詳細入力","13","","lpa02","2008/05/15 11:28:11","lpa02","2009/03/24 13:33:36"
"TKD00501","自販機契約書未送付印刷","17","","lpa01","2008/05/26 13:45:44","base12","2010/03/01 15:39:30"
"TKD00601","協定書FAX受領","13","","lpa01","2008/06/09 19:54:03","lpa00","2009/09/17 13:24:08"
"TKD00602","売価詳細条件表示","16","","lpa01","2008/07/23 11:39:48","lpa03","2009/02/19 14:54:58"
"TKD00701","自販機契約書送付票作成","13","","lpa00","2008/05/28 15:51:45","base08","2009/08/01 12:01:42"
"TKD00801","自販機契約書送付票管理","13","","lpa02","2008/05/30 16:55:41","lpa00","2009/09/29 09:27:04"
"TKD00802","自販機契約書送付票管理（明細）","13","","lpa02","2008/05/30 17:32:32","lpa00","2009/09/29 09:22:01"
"TKD01201","フルオペ支払口座照会","17","","lpa00","2008/07/08 16:43:23","lpa00","2009/01/15 17:13:07"
"TKD01301","協定書エラーリスト出力","17","","sis05","2008/06/30 10:26:27","base09","2009/01/27 18:31:05"
"TKD01401","広域企業ロケ変更一覧","17","","lpa02","2008/07/10 15:54:49","lpa02","2009/01/15 15:04:21"
"TKD01701","覚書(募金自販機)登録","12","","lpa00","2008/05/28 16:33:57","lpa00","2009/03/05 11:02:31"
"TKD01801","募金自販機登録状況","16","","lpa01","2008/06/09 19:55:21","lpa01","2008/06/09 19:55:21"
"TKD01901","募金自販機ロケ変更データ一覧","17","","lpa01","2008/06/02 16:23:44","lpa02","2009/03/18 13:34:30"
"TKD10101","自販機契約入力","12","","base07","2009/03/26 15:24:15","base07","2010/02/03 14:37:15"
"TKD10201","契約情報一括登録","13","","base07","2009/03/26 15:25:12","base23","2009/07/30 14:29:32"
"TKD10301","中途解約無償契約入力","13","","base07","2009/03/26 15:25:27","base12","2010/04/20 14:31:54"
"TKD10501","得意先変更入力","12","","base20","2009/03/25 14:51:04","base07","2010/02/23 13:49:30"
"TKD10701","ロケーション変更入力","12","","base20","2009/03/26 15:10:41","base07","2010/02/03 15:10:10"
"TMD00101","得意先登録","13","","lpa01","2008/05/13 09:43:48","fsol05","2011/04/06 15:51:37"
"TMD00301","ロケーション登録","12","","lpa01","2008/05/26 13:14:33","base07","2011/02/03 14:07:52"
"TMD00401","取引停止入力","12","","lpa00","2008/07/08 17:58:55","fsas02","2011/01/27 14:30:45"
"TMD00501","広域企業グループマスタメンテナンス","13","","lpa02","2008/04/25 09:59:37","lpa01","2009/04/27 16:07:34"
"TMD00601","広域企業サブグループマスタメンテナンス","13","","lpa02","2008/04/25 11:13:26","lpa01","2009/04/27 16:08:07"
"TMD00701","広域企業マスタメンテナンス","13","","lpa01","2008/04/24 15:41:43","lpa01","2009/06/26 15:56:40"
"TMD00801","フルオペ支払先マスタメンテナンス","12","","fsol10","2008/06/03 16:18:39","lpa00","2009/09/25 17:48:05"
"TMD00802","フルオペ支払先指定協定書一覧","16","","lpa01","2008/10/01 15:01:34","lpa00","2009/01/15 10:33:44"
"TMD01001","請求先マスタメンテナンス","13","","lpa01","2008/08/19 17:02:58","fsol09","2011/04/06 14:11:46"
"TMD01401","担当者一括メンテナンス","13","","fsol14","2008/10/09 10:00:59","fsol10","2009/07/31 15:19:39"
"TMD10101","ロケーション照会","16","","base07","2009/03/26 15:23:11","base13","2009/06/18 17:16:16"
"TMD10201","在庫機移管部署登録","13","","base07","2009/03/26 15:23:54","base23","2009/06/01 16:48:21"
"TMD20501","請求先一括移管","13","","base07","2010/12/27 18:48:25","base04","2011/03/04 18:18:29"
"TMD20601","得意先マスタ一覧表印刷","13","","fsol22","2011/02/08 21:36:04","fsol22","2011/03/07 16:28:37"
"TMD99901","かのテスト","13","","base07","2010/02/17 16:19:32","base03","2010/11/18 15:05:46"
"TRD00101","フルオペ手数料再計算","16","","sis05","2008/06/30 10:31:48","base07","2010/02/25 11:21:07"
"TUD00101","売上報告入力","13","","base00","2009/01/09 20:29:57","base01","2009/10/01 18:07:42"
"TUD00102","売上報告入力【売価別】","13","","sis02","2008/05/07 17:29:10","base10","2009/03/23 15:46:20"
"TUD00103","売上報告入力【手入力】","13","","sis05","2008/06/30 17:16:11","base01","2009/08/01 18:22:02"
"TUD00701","売上報告入力状況","13","","sis02","2008/05/02 16:11:03","base01","2009/08/01 19:01:11"
"VCD00101","完了確認プルーフリスト印刷","17","","fsas06","2009/03/24 14:47:12","fsas07","2009/07/31 10:48:29"
"VHD00101","事故報告書入力","12","","fsas06","2009/03/24 14:54:01","fsas03","2010/02/04 14:50:18"
"VHD00201","保険請求予定入力","13","","fsas06","2009/03/24 14:54:37","fsas07","2009/07/29 19:21:58"
"VHD00401","保険入金入力","13","","fsas06","2009/03/24 14:55:15","fsas02","2009/12/02 15:39:56"
"VHD00601","事故報告書未入力／未修理リスト印刷","17","","fsas06","2009/03/24 14:55:49","fsas06","2009/05/21 20:25:28"
"VHD00801","事故報告書未修理理由入力","13","","fsas06","2009/03/24 14:56:07","fsas07","2009/07/31 22:45:22"
"VHD00901","加害者負担入金確定","13","","fsas06","2009/03/24 14:57:49","fsas02","2009/12/21 19:36:42"
"VLD00101","本体リース振分登録","13","","base07","2009/03/26 14:36:43","base15","2009/06/08 19:30:46"
"VLD00201","リース対象データ更新","12","","base14","2009/03/31 15:04:24","base13","2009/06/03 14:55:58"
"VLD00301","本体リース振分データ出力","17","","base07","2009/03/26 14:44:47","base13","2009/05/26 16:19:52"
"VMD00101","業者マスタメンテナンス","13","","base07","2009/03/26 14:18:54","base07","2009/09/14 14:02:17"
"VMD00201","機種マスタメンテナンス","13","","fsas03","2009/03/23 11:02:56","fsas02","2009/11/27 15:27:43"
"VMD00301","作業価格マスタメンテナンス","13","","base07","2009/03/26 14:21:16","base12","2009/12/02 15:30:33"
"VMD00401","仕様名称マスタメンテナンス","13","","base07","2009/03/26 14:22:08","base22","2009/08/27 16:08:10"
"VMD00501","管理票No.機種対応マスタメンテナンス","13","","fsas06","2009/03/24 14:25:52","fsas02","2010/05/20 21:10:16"
"VMD00502","仕様情報","13","","fsas06","2009/03/24 14:36:11","fsas08","2009/05/26 19:51:38"
"VMD00601","自販機管理票メンテナンス","13","","fsas06","2009/03/24 14:37:19","fsas02","2010/07/08 14:43:53"
"VMD00801","リース会社マスタメンテナンス","13","","base07","2009/03/26 14:23:18","base01","2009/07/02 15:23:17"
"VMD00901","ＴＣマスタメンテナンス","12","","base07","2009/03/26 14:25:38","base22","2009/08/26 17:14:22"
"VMD01101","ＴＣ管理手数料マスタメンテナンス","13","","base07","2009/03/26 14:27:13","base12","2009/12/02 15:38:13"
"VMD01201","ＴＣ作業明細マスタメンテナンス","12","","base07","2009/03/26 14:28:31","base07","2009/12/02 15:34:42"
"VMD01301","ＴＣ作業会社マスタメンテナンス","12","","base07","2009/03/26 14:32:41","base22","2009/07/13 17:04:06"
"VMD01401","ＴＣ作業担当者マスタメンテナンス","12","","base07","2009/03/26 14:30:46","base23","2009/07/22 13:43:15"
"VMD01501","部品マスタメンテナンス","13","","base12","2009/06/25 17:26:51","base07","2009/12/02 15:27:00"
"VMD01701","故障箇所マスタメンテナンス","13","","base07","2009/03/26 14:34:38","base07","2009/12/02 15:17:13"
"VMD02101","クレームマスタメンテナンス","12","","base07","2009/03/26 14:35:39","base07","2009/12/02 15:14:24"
"VOD00101","整備手配入力","12","","fsas06","2009/03/24 16:15:56","fsas08","2009/07/28 15:11:19"
"VOD00201","整備状況照会","13","","fsas06","2009/03/24 16:18:03","fsas08","2009/07/10 16:32:08"
"VOD00501","整備受付入力","12","","fsas06","2009/03/24 16:16:26","fsas08","2009/07/24 12:55:07"
"VOD00701","整備進捗／完了入力","13","","fsas06","2009/03/24 16:17:06","fsas02","2009/12/02 16:25:16"
"VOD00801","ＴＣ整備状況照会","16","","fsas06","2009/03/24 16:17:39","fsas08","2009/07/10 16:42:41"
"VPD00101","支払明細データ出力","17","","base07","2009/03/26 14:53:36","base21","2009/06/04 15:42:04"
"VPD00201","支払明細書印刷","17","","base07","2009/03/26 14:55:04","base21","2009/06/04 15:39:32"
"VPD00301","定時A送付票印刷","17","","base07","2009/03/26 15:02:28","base21","2009/06/04 15:50:19"
"VRD00101","修理手配入力","13","","fsas03","2009/03/23 14:08:29","fsas08","2009/08/13 10:59:34"
"VRD00201","修理状況照会","16","","fsas06","2009/03/24 16:15:12","fsas03","2010/01/19 15:27:11"
"VRD00501","修理／整備履歴照会","16","","fsas06","2009/03/24 16:18:29","fsas08","2009/07/23 18:43:52"
"VRD00601","修理受付入力","12","","fsas06","2009/03/24 16:12:34","fsas03","2009/06/19 10:12:13"
"VRD00801","修理進捗／完了入力","13","","fsas06","2009/03/24 16:13:46","base12","2010/04/07 11:06:24"
"VRD00901","部品入力","13","","fsas06","2009/03/24 16:14:15","base03","2010/10/14 10:37:47"
"VRD01101","ＴＣ修理状況照会","16","","fsas06","2009/03/24 16:14:47","fsas03","2010/01/18 14:10:55"
"VSD00101","設置手配入力","13","","fsas06","2009/03/24 14:40:53","fsas02","2010/07/08 15:47:10"
"VSD00201","設置完了入力","13","","fsas06","2009/03/24 14:46:32","fsas02","2010/07/08 17:21:59"
"VSD00401","設置状況照会","16","","fsas06","2009/03/24 14:46:03","fsas07","2009/08/03 19:17:17"
"VSD00601","他社自販機登録","13","","fsas06","2009/03/24 14:49:09","fsas02","2009/12/24 10:14:46"
"VSD00801","設置情報入力","13","","fsas06","2009/03/24 14:49:52","fsas02","2010/05/20 18:19:09"
"VSD00901","設置情報一覧","16","","fsas06","2009/03/24 14:47:34","fsas07","2009/07/03 11:06:43"
"VSD01101","ロケーション未設置一覧","16","","fsas06","2009/03/24 14:50:25","fsas07","2009/05/29 13:54:51"
"VSD01201","什器登録","12","","fsas06","2009/03/24 14:48:08","fsas08","2009/11/27 16:52:36"
"VSD01301","什器設置情報入力","12","","fsas06","2009/03/24 14:48:32","fsas04","2009/07/24 15:29:07"
"VSD01401","メーカー発注確認入力","13","","fsas06","2009/03/24 14:41:19","fsas07","2009/06/16 15:00:09"
"VSD01501","設置受付入力","13","","fsas06","2009/03/24 14:41:42","fsas02","2010/07/08 16:17:20"
"VSD01801","設置進捗／完了入力","13","","fsas06","2009/03/24 14:42:04","fsas02","2010/07/08 16:52:45"
"VSD01901","ＴＣ設置状況照会","16","","fsas06","2009/03/24 14:42:38","fsas07","2009/07/30 09:25:23"
"VTD00201","自販機在庫照会","16","","fsas06","2009/03/24 14:40:31","fsas07","2009/07/29 14:22:53"
"VTD00301","進捗状況印刷","17","","base07","2009/03/26 15:05:32","base22","2009/08/14 16:22:07"
"VTD00401","部品履歴一覧出力","17","","base07","2009/03/26 15:06:25","base13","2009/05/22 16:31:51"
"VTD00501","請求情報抽出","13","","base07","2009/03/26 15:08:18","base15","2009/06/19 14:14:01"
"VTD00601","請求一覧","13","","base07","2009/03/26 15:13:54","base15","2009/06/12 16:03:36"
"VTD00701","請求予定明細出力","17","","base07","2009/03/26 15:15:09","base22","2009/08/14 16:21:28"
"VTD00801","メーカー支払部品代入力","13","","base07","2009/03/26 15:16:03","base07","2010/06/30 09:14:01"
"VTD00901","支払情報抽出","13","","base07","2009/03/26 15:17:35","base23","2009/06/10 13:55:31"
"VTD01001","支払一覧","13","","base07","2009/03/26 15:18:59","base22","2009/08/14 16:21:51"
"VTD01101","修理作業会社不一致リスト印刷（★廃棄★）","17","","base07","2010/08/25 16:39:26","base07","2010/11/15 09:22:33"
"VYD00101","レンタル会員番号一括入力","13","","base07","2009/03/26 14:45:55","base07","2009/08/13 13:45:28"
"VYD00301","レンタルＥＢデータ作成","17","","base07","2009/03/26 14:47:07","base13","2009/04/24 16:25:57"
"VYD00401","レンタル不能データ登録","12","","base07","2009/03/26 14:48:17","base13","2009/04/27 16:15:11"
"VYD00501","リース不能データ登録","12","","base07","2009/03/26 14:49:29","base13","2009/05/18 14:00:37"
"VYD00601","有償台帳メンテナンス","12","","base07","2009/03/26 14:50:25","base07","2010/04/14 16:43:06"
"VYD00801","契約者マスター変更届印刷","17","","base07","2009/03/26 14:51:08","base21","2009/05/22 17:04:39"
"VYD01001","中途解約入力","12","","base07","2009/03/26 14:51:56","base07","2010/01/28 16:05:48"
"VYD01101","中途解約確定","13","","base07","2009/03/26 14:52:38","base07","2010/01/28 17:21:56"
"VYD10101","レンタル不能管理データ一覧","13","","base04","2010/12/22 16:13:47","base04","2011/02/24 14:52:55"
"VZD00101","管理票No.検索","16","","fsas06","2009/03/24 14:37:59","fsas02","2010/02/16 13:39:57"
"VZD00201","自販機集計･明細一覧","16","","fsas06","2009/03/24 14:52:00","fsas02","2009/11/27 16:11:25"
"VZD00301","供出入力","13","","fsas06","2009/03/24 14:38:37","fsas02","2010/05/06 11:53:36"
"VZD00401","移動入力","12","","fsas06","2009/03/24 14:39:18","fsas06","2009/05/19 11:40:10"
"VZD00601","引取確定入力","13","","fsas06","2009/03/24 14:39:58","fsas02","2009/10/27 11:23:56"
"VZD00701","自販機在庫一覧印刷","17","","fsas06","2009/03/24 14:50:56","fsas06","2009/05/15 20:00:32"
"VZD00801","自販機管理センター在庫一覧印刷","17","","fsas06","2009/03/24 14:51:33","fsas07","2009/06/09 18:12:27"
"X1D00101","納品書明細入力(バックアップ20090320)","13","大同薬品工業","fsol07","2009/03/20 01:36:02","fsol07","2009/03/20 01:36:02"
"X1D30001","ますめんてすと","13","","fsol00","2009/11/13 09:13:05","fsol00","2009/11/13 09:13:05"
"X1D30101","ますめんてすと２","13","","fsol00","2009/11/13 09:21:03","fsol00","2009/11/13 09:21:03"
"X1D80001","コンボテスト","11","","fsol00","2009/04/16 15:44:43","fsol00","2009/04/17 16:17:28"
"X1D80101","デフォルト値","11","","fsol00","2009/04/17 09:54:22","fsol00","2009/04/21 12:33:43"
"X1D80201","子画面起動","00","","fsol00","2009/04/27 09:38:53","fsol00","2009/04/27 10:02:39"
"X1D80202","子画面てすと","00","","fsol00","2009/04/27 09:41:31","fsol00","2009/04/27 10:00:12"
"X1D80301","子画面テスト＿プログラム起動","00","","fsol00","2009/04/27 10:00:49","fsol00","2009/04/27 10:01:34"
"X1D80401","明細日付項目","11","","fsol00","2009/05/11 09:58:01","fsol00","2009/05/11 10:19:16"
"X1D80501","コード名称取得","12","","fsol00","2009/05/22 18:53:18","fsol00","2009/05/22 19:09:30"
"X1D80601","ラジオボタン確認","11","","fsol00","2009/06/01 08:51:33","fsol00","2009/06/01 11:13:59"
"X1D80701","Leave書き換え","11","","fsol00","2009/06/04 09:41:57","fsol00","2009/06/04 10:48:31"
"X1D80801","明細コンボ","11","","fsol00","2009/06/04 13:44:30","fsol00","2009/06/11 09:43:46"
"X1D80901","明細リスト","11","","fsol00","2009/06/05 13:30:58","fsol00","2009/06/05 13:42:43"
"X1D81001","チェックボックステスト","11","","fsol00","2009/06/05 16:32:12","fsol00","2009/06/05 16:33:03"
"X1D81101","コンボ初期値テスト","11","","fsol00","2009/06/09 17:10:29","fsol00","2009/06/09 17:13:19"
"X1D81201","コード参照件数オーバー","11","","fsol00","2009/06/24 14:56:56","fsol00","2009/06/24 14:58:55"
"X1D81301","かすたむでりげーと","11","","fsol00","2009/07/16 19:04:52","fsol00","2009/07/16 19:07:43"
"X1D81401","完全任意ドロップダウン","11","","Administrator","2009/07/28 18:20:28","Administrator","2009/07/28 18:21:58"
"X1D81501","RowState","11","","fsol00","2009/08/14 08:54:13","fsol00","2009/08/29 14:37:53"
"X1D81601","最大桁数","11","","fsol00","2009/08/20 14:34:54","fsol00","2009/08/20 14:38:11"
"X1D81701","読取専用コード名称取得","11","","fsol00","2009/08/26 09:13:07","fsol00","2009/08/26 14:45:47"
"X1D81801","複数キーコード","11","","fsol00","2009/09/07 10:29:17","fsol00","2009/09/10 10:08:37"
"X1D81901","明細行アクション","11","","fsol00","2009/09/15 15:47:45","fsol00","2009/09/15 16:27:51"
"X1D82001","チェックボックス","11","","fsol00","2009/09/30 12:10:23","fsol00","2009/09/30 12:11:31"
"X1D82101","明細行アクション２","11","","fsol00","2009/10/15 08:49:54","fsol00","2009/10/15 08:56:14"
"X1D82201","明細行アクション３","11","","fsol00","2009/10/15 08:53:58","fsol00","2009/10/15 08:54:48"
"X1D90101","販促資材マスタメンテナンス（検証用）","13","","fsol07","2011/02/07 11:59:49","fsol07","2011/03/04 16:57:55"
"X1D99101","コード参照テスト","12","","fsol05","2009/01/23 19:57:57","fsol05","2011/03/28 10:46:13"
"X1D99301","帳票サンプル","17","","wt01","2008/11/14 10:27:48","wt01","2009/01/09 18:25:22"
"X1D99601","回送情報検証画面","16","","wt03","2008/10/22 13:15:15","wt01","2009/01/09 18:26:23"
"X1D99701","Xコード参照テスト","13","","fsol07","2009/04/20 11:35:44","fsol07","2009/05/04 12:16:00"
"X1D99801","部品テスト用（覚書・支払・流通リベート）","12","","lpa03","2011/03/28 11:26:29","lpa03","2011/03/28 11:32:38"
"X1D99921","コード参照テスト（契約管理）","12","","lpa00","2009/01/28 13:42:31","lpa00","2009/03/25 10:27:53"
"X1D99922","コード参照テスト（覚書・支払・流通リベート）","12","","lpa00","2011/03/25 16:51:27","lpa00","2011/04/06 11:09:29"
"X9D00101","テスト部署コードビュー","12","","fsol09","2009/03/12 19:14:02","fsol09","2009/03/13 21:35:24"
"X9D00201","属性いろいろ","12","","fsol09","2009/03/17 17:50:33","fsol09","2009/03/17 17:59:52"
"X9D00401","兼務テスト2009","13","","fsol09","2009/06/16 09:53:08","fsol09","2009/06/16 14:47:49"
"X9D00501","代行者設定（サンプル）","13","","fsol09","2009/03/26 13:58:15","fsol09","2009/03/26 14:19:36"
"X9D00701","テスト","12","","fsol09","2009/02/16 14:41:07","fsol09","2009/02/17 10:04:43"
"X9D00801","コード参照列幅確認用","12","","fsol10","2009/04/02 19:16:02","fsol10","2011/01/05 14:12:59"
"X9D00901","特殊郵便番号マスタメンテナンス（テスト版）","12","","fsol09","2009/01/23 10:51:19","fsol09","2009/01/23 10:51:19"
"X9D00903","郵便番号マスタメンテナンス","13","","fsol09","2009/06/29 13:05:24","fsol09","2009/06/29 15:42:55"
"X9D00904","てすと飯島","12","","fsol09","2009/10/01 18:01:08","fsol09","2009/10/01 18:04:21"
"X9D00999","程テスト","13","","fsol10","2011/02/08 21:36:23","fsol10","2011/03/01 11:08:38"
"X9D01001","汎用コントロール（テスト）","13","","fsol09","2009/01/27 10:11:37","fsol09","2009/01/27 11:33:10"
"X9D01401","取引条件マスタメンテナンス２","13","","fsol09","2009/08/19 09:57:20","fsol09","2009/08/19 09:58:20"
"X9D90101","郵便番号テスト","12","","fsol09","2009/05/12 15:55:14","fsol09","2009/05/20 09:50:39"
"X9D90102","郵便番号検索","37","","fsol09","2009/05/13 09:16:34","fsol09","2009/05/13 09:57:45"
"X9D90201","郵便番号テスト２","12","","fsol09","2009/05/22 22:15:38","fsol09","2009/06/25 16:42:34"
"X9D90301","郵便番号テスト３","12","","fsol09","2009/10/01 17:51:03","fsol09","2009/10/01 17:51:03"
"X9D99701","三次コード参照テスト用","12","","base03","2010/12/14 10:49:50","base03","2011/03/18 18:33:15"
"X9D99980","二次改造コード参照【増田】","12","","fsol14","2009/06/23 18:22:36","fsol14","2009/06/23 18:25:21"
"X9D99990","二次コード参照テスト【増田作】","12","","fsol14","2009/06/17 09:19:58","fsol14","2009/07/27 19:07:43"
"XXD70001","緊急停止メンテナンス","13","","fsol04","2009/11/13 09:48:08","fsol04","2009/11/13 15:46:19"
"XXD99999","田中テスト","13","","fsas02","2011/01/18 13:26:41","fsas02","2011/03/25 14:16:01"
"XZD00401","パスワード初期化画面","12","","fsol04","2008/05/12 15:40:44","fsol10","2009/01/09 18:32:54"
"XZD00501","代行切替画面","12","","wt02","2008/05/19 14:24:30","wt04","2009/06/29 11:57:18"
"XZD00601","部署切替画面","12","","wt02","2008/05/19 16:04:39","fsol10","2010/11/05 20:58:24"
"XZD00701","通知一覧画面","16","","wt03","2008/05/19 13:59:41","fsol10","2011/03/15 16:51:22"
"XZD00801","兼務切替画面","12","","wt02","2008/05/30 13:03:33","wt04","2009/06/29 16:48:32"
"XZD10101","回送情報画面","16","","wt03","2008/05/16 16:53:13","fsol10","2009/01/09 18:35:46"
"XZD10401","未決箱画面","15","","wt03","2008/05/16 11:01:50","base07","2011/03/28 10:18:05"
"XZD20101","汎用ＣＳＶ出力画面","17","","wt03","2008/05/20 09:38:25","wt02","2009/03/03 16:25:18"
"XZD20102","検索パターンリスト画面","16","","wt01","2008/06/09 10:42:20","wt03","2008/09/09 17:03:42"
"XZD30001","Warningメッセージ管理票","13","","lpa04","2009/10/06 16:05:33","fsol05","2011/01/18 20:31:07"
"XZD44419","ラジオボタンテスト","12","","sis05","2008/07/01 17:16:13","fsol07","2008/07/08 15:22:36"
"XZD53001","ごみ","13","","fsol03","2008/04/17 12:58:51","fsas02","2011/01/13 18:12:30"
"XZD55506","項目テスト","12","","sis02","2008/06/04 11:36:03","fsol07","2008/07/08 15:22:12"
"XZD77802","XZD７７８０２","12","","sis02","2008/04/28 16:11:55","fsol07","2008/07/08 15:21:06"
"XZD99501","カード100","12","","fsol00","2008/07/01 20:51:17","fsol00","2008/07/01 21:40:17"
"XZD99502","カード300","12","","fsol00","2008/07/01 21:32:11","fsol00","2008/07/01 21:40:33"
"XZD99503","カード500","12","","fsol00","2008/07/01 21:32:21","fsol00","2008/07/01 21:40:48"
"XZD99511","明細10","13","","fsol00","2008/07/01 21:32:34","fsol00","2009/01/08 17:56:18"
"XZD99512","明細30","13","","fsol00","2008/07/01 21:32:43","fsol00","2008/07/01 21:41:14"
"XZD99513","明細50","13","","fsol00","2008/07/01 21:32:53","fsol00","2008/07/01 21:41:26"
"XZD99602","コード参照呼出テスト","13","","lpa03","2008/09/09 13:28:04","base22","2009/08/11 16:42:22"
"XZD99603","メニュー呼出テスト","15","","lpa01","2008/09/22 13:57:21","lpa01","2008/09/22 14:08:44"
"XZD99604","１２３４５６７８９０１２３４５６７８９０１２３４５６７８９０１２３４５６７８９０１２３４５６７８９０","13","","lpa01","2009/03/23 21:55:26","fsol00","2009/09/09 17:17:41"
"XZD99701","テストいろいろ","13","ＡＤＳ３次入金債権_自動生成確認","fsol09","2011/01/17 14:10:21","fsol09","2011/01/17 16:01:15"
"XZD99805","たくさんカード項目を作ってみる画面","13","","fsol00","2008/07/01 20:45:02","fsol00","2008/07/01 20:45:02"
"XZD99903","WF形式標準画面","13","","fsol03","2008/04/16 13:37:58","fsol03","2008/04/16 13:53:33"
