ópåÍï®óùñº,ópåÍò_óùñº,îıçl,ìoò^íSìñé“,ìoò^ì˙ït,çXêVíSìñé“,çXêVéûä‘
"_","_","","fsol05","2008/04/23 21:41:29","fsol05","2009/04/13 13:46:18"
"KEI","åv","","base01","2008/11/19 10:52:08","base01","2008/11/19 10:52:08"
"STORE","ìXï‹","","fsol03","2008/07/14 14:28:28","fsol03","2008/07/14 14:28:28"
"USER","ÉÜÅ[ÉU","","Administrator","2008/11/18 21:54:47","Administrator","2008/11/18 21:55:06"
"0","ÇO","","sis01","2008/04/23 14:12:17","sis01","2008/04/23 14:12:17"
"00","ÇOÇO","","fsol10","2011/01/11 15:16:24","fsol10","2011/01/11 15:16:24"
"01","ÇOÇP","","fsol05","2009/03/19 15:24:22","fsol05","2009/03/19 15:24:22"
"02","ÇOÇQ","","fsol05","2009/03/19 15:24:22","fsol05","2009/03/19 15:24:22"
"03","ÇOÇR","","fsol05","2009/03/19 15:24:22","fsol05","2009/03/19 15:24:22"
"04","ÇOÇS","","fsol05","2009/03/19 15:24:22","fsol05","2009/03/19 15:24:22"
"05","ÇOÇT","","fsol05","2009/03/19 15:24:22","fsol05","2009/03/19 15:24:22"
"06","ÇOÇU","","fsol05","2009/03/19 15:24:22","fsol05","2009/03/19 15:24:22"
"07","ÇOÇV","","fsol05","2009/03/19 15:24:22","fsol05","2009/03/19 15:24:22"
"08","ÇOÇW","","fsol05","2009/03/19 15:24:22","fsol05","2009/03/19 15:24:22"
"09","ÇOÇX","","fsol05","2009/03/19 15:24:22","fsol05","2009/03/19 15:24:22"
"1","ÇP","","sis01","2008/04/23 14:12:22","sis01","2008/04/23 14:12:22"
"10","ÇPÇO","","fsol05","2009/03/19 15:24:22","fsol05","2009/03/19 15:24:22"
"100","ÇPÇOÇO","","fsol07","2011/01/18 22:13:17","fsol07","2011/01/18 22:13:17"
"1000","ÇPÇOÇOÇO","","fsol07","2011/01/18 22:13:17","fsol07","2011/01/18 22:13:17"
"10000","ÇPÇOÇOÇOÇO","","fsol07","2011/01/18 22:13:17","fsol07","2011/01/18 22:13:17"
"11","ÇPÇP","","fsol05","2009/03/19 15:24:22","fsol05","2009/03/19 15:24:22"
"12","ÇPÇQ","","fsol05","2009/03/19 15:24:22","fsol05","2009/03/19 15:24:22"
"13","ÇPÇR","","fsol05","2009/03/19 15:24:22","fsol05","2009/03/19 15:24:22"
"14","ÇPÇS","","fsol05","2009/03/19 15:24:22","fsol05","2009/03/19 15:24:22"
"15","ÇPÇT","","fsol05","2009/03/19 15:24:22","fsol05","2009/03/19 15:24:22"
"16","ÇPÇU","","fsol05","2009/03/19 15:24:22","fsol05","2009/03/19 15:24:22"
"17","ÇPÇV","","fsol05","2009/03/19 15:24:22","fsol05","2009/03/19 15:24:22"
"18","ÇPÇW","","fsol05","2009/03/19 15:24:22","fsol05","2009/03/19 15:24:22"
"19","ÇPÇX","","fsol05","2009/03/19 15:24:22","fsol05","2009/03/19 15:24:22"
"2","ÇQ","","sis01","2008/04/23 14:12:28","sis01","2008/04/23 14:12:28"
"20","ÇQÇO","","fsol05","2009/03/19 15:24:22","fsol05","2009/03/19 15:24:22"
"2000","ÇQÇOÇOÇO","","fsol07","2011/01/18 22:13:17","fsol07","2011/01/18 22:13:17"
"21","ÇQÇP","","fsol05","2009/03/19 15:24:22","fsol05","2009/03/19 15:24:22"
"22","ÇQÇQ","","fsol05","2009/03/19 15:24:22","fsol05","2009/03/19 15:24:22"
"23","ÇQÇR","","fsol05","2009/03/19 15:24:22","fsol05","2009/03/19 15:24:22"
"24","ÇQÇS","","fsol05","2009/03/19 15:24:22","fsol05","2009/03/19 15:24:22"
"25","ÇQÇT","","fsol05","2009/03/19 15:24:22","fsol05","2009/03/19 15:24:22"
"26","ÇQÇU","","fsol05","2009/03/19 15:24:22","fsol05","2009/03/19 15:24:22"
"27","ÇQÇV","","fsol05","2009/03/19 15:24:22","fsol05","2009/03/19 15:24:22"
"28","ÇQÇW","","fsol05","2009/03/19 15:24:22","fsol05","2009/03/19 15:24:22"
"29","ÇQÇX","","fsol05","2009/03/19 15:24:22","fsol05","2009/03/19 15:24:22"
"3","ÇR","","sis01","2008/04/23 14:12:34","sis01","2008/04/23 14:12:34"
"30","ÇRÇO","","fsol05","2009/03/19 15:24:22","fsol05","2009/03/19 15:24:22"
"31","ÇRÇP","","fsol05","2009/03/19 15:24:22","fsol05","2009/03/19 15:24:22"
"32","ÇRÇQ","","fsol05","2009/03/19 15:24:22","fsol05","2009/03/19 15:24:22"
"33","ÇRÇR","","fsol05","2009/03/19 15:24:22","fsol05","2009/03/19 15:24:22"
"34","ÇRÇS","","fsol05","2009/03/19 15:24:22","fsol05","2009/03/19 15:24:22"
"35","ÇRÇT","","fsol05","2009/03/19 15:24:22","fsol05","2009/03/19 15:24:22"
"36","ÇRÇU","","fsol05","2009/03/19 15:24:22","fsol05","2009/03/19 15:24:22"
"37","ÇRÇV","","fsol05","2009/03/19 15:24:22","fsol05","2009/03/19 15:24:22"
"38","ÇRÇW","","fsol05","2009/03/19 15:24:22","fsol05","2009/03/19 15:24:22"
"39","ÇRÇX","","fsol05","2009/03/19 15:24:22","fsol05","2009/03/19 15:24:22"
"4","ÇS","","sis01","2008/04/23 14:12:38","sis01","2008/04/23 14:12:38"
"40","ÇSÇO","","fsol05","2009/03/19 15:24:22","fsol05","2009/03/19 15:24:22"
"41","ÇSÇP","","fsol05","2009/03/19 15:24:22","fsol05","2009/03/19 15:24:22"
"42","ÇSÇQ","","fsol05","2009/03/19 15:24:22","fsol05","2009/03/19 15:24:22"
"43","ÇSÇR","","fsol05","2009/03/19 15:24:22","fsol05","2009/03/19 15:24:22"
"44","ÇSÇS","","fsol05","2009/03/19 15:24:22","fsol05","2009/03/19 15:24:22"
"45","ÇSÇT","","fsol05","2009/03/19 15:24:22","fsol05","2009/03/19 15:24:22"
"46","ÇSÇU","","fsol05","2009/03/19 15:24:22","fsol05","2009/03/19 15:24:22"
"47","ÇSÇV","","fsol05","2009/03/19 15:24:22","fsol05","2009/03/19 15:24:22"
"48","ÇSÇW","","fsol05","2009/03/19 15:24:22","fsol05","2009/03/19 15:24:22"
"49","ÇSÇX","","fsol05","2009/03/19 15:24:22","fsol05","2009/03/19 15:24:22"
"5","ÇT","","sis01","2008/04/23 14:12:44","sis01","2008/04/23 14:12:44"
"50","ÇTÇO","","fsol05","2009/03/19 15:24:22","fsol05","2009/03/19 15:24:22"
"500","ÇTÇOÇO","","fsol07","2011/01/18 22:13:17","fsol07","2011/01/18 22:13:17"
"5000","ÇTÇOÇOÇO","","fsol07","2011/01/18 22:13:17","fsol07","2011/01/18 22:13:17"
"6","ÇU","","sis01","2008/04/23 14:12:49","sis01","2008/04/23 14:12:49"
"7","ÇV","","sis01","2008/04/23 14:12:54","sis01","2008/04/23 14:12:54"
"8","ÇW","","sis01","2008/04/23 14:12:59","sis01","2008/04/23 14:12:59"
"9","ÇX","","sis01","2008/04/23 14:13:03","sis01","2008/04/23 14:13:03"
"A","Ç`","","fsol05","2010/10/07 19:23:38","fsol05","2010/10/07 19:23:38"
"AITE","ëäéË","","sis01","2008/04/21 10:05:15","sis01","2008/04/21 10:05:15"
"AKADEN","ê‘ì`","","sis01","2008/04/21 10:05:33","sis01","2008/04/21 10:05:33"
"AKAKURO","ê‘çï","","fsol05","2009/03/19 15:24:23","fsol05","2009/03/19 15:24:23"
"AKIKAN","ãÛä ","","lpa01","2008/06/11 15:37:55","lpa01","2008/06/11 15:37:55"
"ALL","ëS","","sis01","2008/04/23 14:13:55","sis01","2008/04/23 14:13:55"
"ANBUN","à¬ï™","","fsol12","2011/03/04 18:05:43","fsol12","2011/03/04 18:05:43"
"ANNAISYO","àƒì‡èë","","sis01","2008/04/21 10:06:38","sis01","2008/04/21 10:06:38"
"ANZEN","à¿ëS","","fsol05","2009/03/19 15:24:22","fsol05","2009/03/19 15:24:22"
"ATARI","ìñÇË","","sis01","2008/04/23 14:17:29","sis01","2008/04/23 14:17:29"
"AZUKARI","óaÇË","","sis01","2008/04/21 10:06:48","sis01","2008/04/21 10:06:48"
"AZUKARIKIN","óaÇËã‡","","fsol05","2010/10/07 19:23:39","fsol05","2010/10/07 19:23:39"
"AZUKEIRE","óaì¸","","fsol05","2010/10/07 19:23:39","fsol05","2010/10/07 19:23:39"
"B","Ça","","fsol05","2010/10/07 19:23:38","fsol05","2010/10/07 19:23:38"
"BACK","îwåi","","wt02","2008/11/19 14:30:49","wt02","2008/11/19 14:30:49"
"BAIKA","îÑâø","","sis01","2008/04/21 10:06:59","sis01","2008/04/21 10:06:59"
"BARA","ÉoÉâ","","sis01","2008/04/21 10:07:08","sis01","2008/04/21 10:07:08"
"BASYO","èÍèä","","lpa01","2008/05/13 09:57:09","lpa00","2008/07/08 15:37:28"
"BATCH","ÉoÉbÉ`","","fsol10","2008/07/14 21:37:27","wt01","2008/08/28 21:24:19"
"BETTO","ï ìr","","fsol05","2009/03/19 15:24:23","fsol05","2009/03/19 15:24:23"
"BETU","ï ","","sis01","2008/04/23 14:14:32","sis01","2008/04/23 14:14:32"
"BI","ì˙","","sis01","2008/04/21 10:07:16","fsol09","2008/07/18 09:47:43"
"BIHIN","îıïi","","fsol07","2011/01/18 22:13:17","fsol07","2011/01/18 22:13:17"
"BIKOU","îıçl","","sis01","2008/04/21 10:07:23","sis01","2008/04/21 10:07:23"
"BIRTHDAY","ê∂îNåéì˙","","fsol10","2008/07/15 13:43:18","fsol10","2008/07/15 13:43:18"
"BOKIN","ïÂã‡","","sis01","2008/04/21 10:07:31","sis01","2008/04/21 10:07:31"
"BUHIN","ïîïi","","fsol05","2009/03/19 15:24:23","fsol05","2009/03/19 15:24:23"
"BUHINDAI","ïîïië„","","fsol05","2009/03/19 15:24:23","fsol05","2009/03/19 15:24:23"
"BUKKEN","ï®åè","","fsol05","2010/10/07 19:23:39","fsol05","2010/10/07 19:23:39"
"BUNKATU","ï™äÑ","","base08","2008/12/08 10:16:43","base08","2008/12/08 10:16:43"
"BUNRUI","ï™óﬁ","","sis01","2008/04/21 10:07:41","sis01","2008/04/21 10:07:41"
"BUSYO","ïîèê","","Administrator","2008/04/17 08:26:20","Administrator","2008/04/17 08:26:20"
"BUTTON","É{É^Éì","","fsol05","2009/03/19 15:24:22","fsol05","2009/03/19 15:24:22"
"BUTURI","ï®óù","","wt03","2008/05/20 10:16:32","wt03","2008/05/20 10:16:32"
"BUTURYU","ï®ó¨","","sis01","2008/04/21 10:08:49","sis01","2008/04/21 10:08:49"
"BUZAI","ïîçﬁ","","fsol05","2009/03/19 15:24:23","fsol05","2009/03/19 15:24:23"
"C","Çb","","fsol05","2010/10/07 19:23:38","fsol05","2010/10/07 19:23:38"
"CALC","åvéZ","","sis01","2008/04/21 10:08:56","sis01","2008/04/21 10:08:56"
"CALENDAR","ÉJÉåÉìÉ_","","fsol09","2008/10/24 20:21:05","fsol09","2008/10/24 20:21:05"
"CALORY","ÉJÉçÉäÅ[","","sis01","2008/04/21 10:09:03","sis01","2008/04/21 10:09:03"
"CAN","ä ","","sis01","2008/04/21 10:09:10","sis01","2008/04/21 10:09:10"
"CARD","ÉJÅ[Éh","","sis01","2008/04/21 10:09:16","sis01","2008/04/21 10:09:16"
"CATEGORY","ÉJÉeÉSÉäÅ[","","sis01","2008/04/21 10:09:23","sis01","2008/04/21 10:09:23"
"CD","ÉRÅ[Éh","","Administrator","2008/04/16 18:12:24","Administrator","2008/04/16 18:12:24"
"CENTER","ÉZÉìÉ^Å[","","fsol05","2010/10/07 19:23:38","fsol05","2010/10/07 19:23:38"
"CF","ÇbÇe","","sis01","2008/04/21 10:09:47","sis01","2008/04/21 10:09:47"
"CHAIN","É`ÉFÅ[Éì","","fsol07","2011/01/18 22:13:17","fsol07","2011/01/18 22:13:17"
"CHANNEL","É`ÉÉÉlÉã","","sis01","2008/04/21 10:09:53","sis01","2008/04/21 10:09:53"
"CHECK","É`ÉFÉbÉN","","sis01","2008/04/21 10:10:01","sis01","2008/04/21 10:10:01"
"CLAIM","ÉNÉåÅ[ÉÄ","","fsol05","2009/03/19 15:24:22","fsol05","2009/03/19 15:24:22"
"CLIENT","ÉNÉâÉCÉAÉìÉg","","lpa02","2008/08/20 15:41:36","lpa02","2008/08/20 15:41:36"
"CNTL","ÉRÉìÉgÉçÅ[Éã","ägí£ÉRÉìÉgÉçÅ[Éãóp","fsol09","2008/10/27 10:13:15","fsol09","2008/10/27 10:13:15"
"COLD","ÇbÇnÇkÇc","","sis01","2008/04/23 14:14:08","sis01","2008/04/23 14:14:08"
"COLM","ÉRÉâÉÄ","","sis01","2008/04/21 10:10:07","sis01","2008/04/21 10:10:07"
"COLOR","êF","","wt02","2008/11/19 14:31:34","wt02","2008/11/19 14:31:34"
"COMMENT","ÉRÉÅÉìÉg","","wt03","2008/05/19 10:42:55","wt03","2008/05/19 10:42:55"
"COMP","î‰är","","lpa01","2008/06/24 14:09:01","lpa01","2008/06/24 14:09:01"
"COPY","ÉRÉsÅ[","","lpa01","2008/08/19 13:04:35","lpa01","2008/08/19 13:04:35"
"COUNTER","ÉJÉEÉìÉ^Å[","","fsol05","2009/03/19 15:24:22","fsol05","2009/03/19 15:24:22"
"CS","ÉPÅ[ÉX","","sis01","2008/04/21 10:10:13","sis01","2008/04/21 10:10:13"
"CSV","CSV","","wt01","2008/06/23 11:58:59","wt01","2008/06/23 11:58:59"
"CUR","åªç›","","sis01","2008/04/21 10:10:20","sis01","2008/04/21 10:10:20"
"CYCLE","ÉTÉCÉNÉã","","sis01","2008/04/23 14:13:31","sis01","2008/04/23 14:13:31"
"D","Çc","","fsol05","2010/10/07 19:23:38","fsol05","2010/10/07 19:23:38"
"DAIHYOU","ë„ï\","","sis01","2008/04/21 10:10:27","sis01","2008/04/21 10:10:27"
"DAIKIN","ë„ã‡","","sis01","2008/04/21 10:10:32","sis01","2008/04/21 10:10:32"
"DAIKOU","ë„çs","","sis01","2008/04/21 10:10:37","sis01","2008/04/21 10:10:37"
"DAILY","ì˙éü","","sis01","2008/04/21 10:47:23","sis01","2008/04/21 10:47:23"
"DAISU","ë‰êî","","sis01","2008/04/21 10:10:46","sis01","2008/04/21 10:10:46"
"DAITAI","ë„ë÷","","sis01","2008/04/21 10:10:54","sis01","2008/04/21 10:10:54"
"DAITYOU","ë‰í†","","sis01","2008/04/21 10:11:00","sis01","2008/04/21 10:11:00"
"DANTAI","ícëÃ","","lpa01","2008/06/02 09:47:30","lpa01","2008/06/02 09:47:30"
"DATA","ÉfÅ[É^","","sis05","2008/07/07 14:55:15","sis05","2008/07/07 14:55:15"
"DATARI","ë‰ìñÇË","","fsol07","2011/01/18 22:13:17","fsol07","2011/01/18 22:13:17"
"DEFAULT","ÉfÉtÉHÉãÉg","","fsol09","2008/11/04 18:07:10","fsol09","2008/11/04 18:07:10"
"DEL","çÌèú","","sis01","2008/04/21 10:11:05","sis01","2008/04/21 10:11:05"
"DENKI","ìdãC","","fsol05","2009/03/19 15:24:23","fsol05","2009/03/19 15:24:23"
"DENKIDAI","ìdãCë„","","lpa01","2008/06/11 14:54:07","lpa01","2008/06/11 14:54:07"
"DENKIRYOU","ìdãCóø","","fsol07","2011/01/18 22:13:17","fsol07","2011/01/18 22:13:17"
"DENPYOU","ì`ï[","","sis01","2008/04/21 10:11:11","sis01","2008/04/21 10:11:11"
"DENRYOKU","ìdóÕ","","fsol05","2009/03/19 15:24:23","fsol05","2009/03/19 15:24:23"
"DENSI","ìdéq","","lpa01","2008/08/18 17:40:26","lpa01","2008/08/18 17:40:26"
"DEPO","ÉfÉ|","","fsol07","2011/01/18 22:13:17","fsol07","2011/01/18 22:13:17"
"DL","É_ÉEÉìÉçÅ[Éh","","sis01","2008/04/21 10:11:16","sis01","2008/04/21 10:11:16"
"DOUNYU","ì±ì¸","","fsol07","2011/01/18 22:13:17","fsol07","2011/01/18 22:13:17"
"DT","ì˙éû","","sis01","2008/04/21 10:11:21","sis01","2008/04/21 10:11:21"
"DUMMY","É_É~Å[","","wt01","2008/06/20 16:57:33","wt01","2008/06/20 16:57:33"
"DYDO","É_ÉCÉhÅ[","","sis01","2008/04/21 10:11:37","sis01","2008/04/21 10:11:37"
"DYDO","ÇcÇôÇcÇè","","lpa04","2009/10/06 14:15:09","lpa04","2009/10/06 14:15:09"
"E","Çd","","fsol05","2010/10/07 19:23:38","fsol05","2010/10/07 19:23:38"
"EDABAN","é}î‘","","sis02","2008/06/30 17:18:53","sis02","2008/06/30 17:18:53"
"EDI","ÇdÇcÇh","","fsol05","2010/10/07 19:23:38","fsol05","2010/10/07 19:23:38"
"EIGYOU","âcã∆","","sis01","2008/04/21 10:11:42","sis01","2008/04/21 10:11:42"
"EIGYOUKEN","âcã∆å†","","lpa01","2008/08/26 09:59:14","lpa01","2008/08/26 09:59:14"
"EIGYOUSYO","âcã∆èä","","sis01","2008/04/25 12:32:46","sis01","2008/04/25 12:32:46"
"END","èIóπ","","sis01","2008/04/21 10:11:48","sis01","2008/04/21 10:11:48"
"ENZYO","âáèï","","sis01","2008/04/21 10:11:53","sis01","2008/04/21 10:11:53"
"ERR","ÉGÉâÅ[","","sis05","2008/07/04 14:52:38","sis05","2008/07/04 14:52:38"
"ETC","ÇªÇÃëº","","sis01","2008/04/21 10:11:58","sis01","2008/04/21 10:11:58"
"EXT","ägí£","","fsol05","2010/10/07 19:23:38","fsol05","2010/10/07 19:23:38"
"F","Çe","","fsol05","2010/10/07 19:23:38","fsol05","2010/10/07 19:23:38"
"FAX","ÇeÇ`Çw","","sis01","2008/04/21 10:12:16","sis01","2008/04/21 10:12:16"
"FIELD","ÉtÉBÅ[ÉãÉh","","wt03","2008/05/20 10:24:45","wt03","2008/05/20 10:24:45"
"FILENAME","ÉtÉ@ÉCÉãñº","","fsol09","2008/05/20 13:52:45","fsol09","2008/05/20 13:52:45"
"FILEPATH","ÉtÉ@ÉCÉãÉpÉX","","fsol10","2008/12/09 10:31:22","fsol10","2008/12/09 10:31:22"
"FIRST","èââÒ","","sis02","2008/04/21 10:32:00","fsol09","2009/02/06 14:33:34"
"FJ","ÇeÇä","","lpa04","2009/10/06 14:14:43","lpa04","2009/10/06 14:14:43"
"FLON","ÉtÉçÉì","","fsol05","2009/03/19 15:24:22","fsol05","2009/03/19 15:24:22"
"FO","ÉtÉãÉIÉy","","sis01","2008/04/21 10:12:21","sis01","2008/04/21 10:12:21"
"FOLLOW","ÉtÉHÉçÅ[","","sis01","2008/04/21 10:12:26","sis01","2008/04/21 10:12:26"
"FRI","ã‡ój","","sis01","2008/04/21 10:12:43","sis01","2008/04/21 10:12:43"
"FROM","ÇeÇqÇnÇl","","lpa00","2008/07/10 10:17:25","lpa00","2008/07/10 10:17:25"
"FTR","ñ¢óà","","sis01","2008/04/21 10:12:50","sis01","2008/04/21 10:12:50"
"G","Çf","","fsol05","2010/10/07 19:23:38","fsol05","2010/10/07 19:23:38"
"G1","G1","","base08","2008/12/05 14:51:48","base08","2008/12/05 14:51:48"
"G2","G2","","base08","2008/12/05 14:52:00","base08","2008/12/05 14:52:00"
"GAI","äO","","sis05","2008/07/04 17:19:27","sis05","2008/07/04 17:19:27"
"GAKU","äz","","lpa01","2008/08/18 19:09:41","lpa01","2008/08/18 19:09:41"
"GAKUMEN","äzñ ","","fsol05","2010/10/07 19:23:38","fsol05","2010/10/07 19:23:38"
"GAMEN","âÊñ ","","sis01","2008/04/21 10:12:56","sis01","2008/04/21 10:12:56"
"GASSAN","çáéZ","","sis01","2008/04/23 14:15:39","sis01","2008/04/23 14:15:39"
"GATARI","ÇáìñÇË","","sis01","2008/04/23 14:15:10","sis01","2008/04/23 14:15:10"
"GATUKI","åéä˙","","lpa00","2008/07/10 11:10:49","lpa00","2008/07/10 11:10:49"
"GEKKAN","åéä‘","","sis01","2008/04/23 14:10:36","sis01","2008/04/23 14:10:36"
"GENERAL","îƒóp","","fsol09","2008/06/10 08:55:03","fsol09","2008/06/19 16:43:26"
"GENGAKU","å∏äz","","sis01","2008/04/21 10:13:01","sis01","2008/04/21 10:13:01"
"GENIN","å¥àˆ","","fsol05","2009/03/19 15:24:23","fsol05","2009/03/19 15:24:23"
"GENKA","å¥âø","","sis01","2008/04/21 10:13:06","sis01","2008/04/21 10:13:06"
"GENKIN","åªã‡","","sis01","2008/04/21 10:13:18","sis01","2008/04/21 10:13:18"
"GENTI","åªín","","fsol10","2008/07/16 10:56:46","fsol10","2008/07/16 10:56:46"
"GENZAITI","åªç›ín","","sis02","2008/07/23 15:17:32","sis02","2008/07/23 15:17:32"
"GESSYO","åéèâ","ëÂìØñÚïiçHã∆","fsol20","2009/02/09 14:03:22","fsol20","2009/02/09 14:03:22"
"GET","éÊìæ","","fsol05","2009/04/13 16:24:58","fsol05","2009/04/13 16:24:58"
"GETUDO","åéìx","","sis01","2008/04/21 10:13:23","sis01","2008/04/21 10:13:23"
"GETUGAKU","åéäz","","sis01","2008/04/21 10:24:29","sis01","2008/04/23 15:13:20"
"GETUMATU","åéññ","ëÂìØñÚïiçHã∆","fsol20","2009/02/09 14:03:59","fsol20","2009/02/09 14:03:59"
"GINKOU","ã‚çs","","sis01","2008/04/21 10:13:28","sis01","2008/04/21 10:13:28"
"GO","å„","","sis05","2008/07/07 15:04:46","sis05","2008/07/07 15:04:46"
"GOSA","åÎç∑","","sis01","2008/04/21 10:13:33","sis01","2008/04/21 10:13:33"
"GOUKEI","çáåv","","sis01","2008/04/23 14:10:56","sis01","2008/04/23 14:10:56"
"GRP","ÉOÉãÅ[Év","","sis01","2008/04/21 10:13:39","sis01","2008/04/21 10:13:39"
"GUN","åQ","","sis01","2008/04/23 14:14:26","sis01","2008/04/23 14:14:26"
"GYOU","çs","","sis05","2008/07/07 15:33:40","sis05","2008/07/07 15:33:40"
"GYOUMU","ã∆ñ±","","lpa01","2008/04/24 15:32:35","lpa01","2008/04/24 15:32:35"
"GYOUSYA","ã∆é“","","sis01","2008/04/21 10:13:44","sis01","2008/04/21 10:13:44"
"GYOUSYU","ã∆éÌ","","sis01","2008/04/21 10:13:49","sis01","2008/04/21 10:13:49"
"GYOUTAI","ã∆ë‘","","sis01","2008/04/21 10:13:54","sis01","2008/04/21 10:13:54"
"HABA","ïù","","fsol05","2009/03/19 15:24:23","fsol05","2009/03/19 15:24:23"
"HAIHU","îzïä","","fsol07","2011/01/18 22:13:17","fsol07","2011/01/18 22:13:17"
"HAIKI","îpä¸","","sis01","2008/04/21 10:14:00","sis01","2008/04/21 10:14:00"
"HAIKIN","îzã‡","","fsol07","2011/01/18 22:13:17","fsol07","2011/01/18 22:13:17"
"HAIMEN","îwñ ","","fsol05","2009/03/19 15:24:23","fsol05","2009/03/19 15:24:23"
"HAISI","îpé~","","sis01","2008/04/23 14:15:22","sis01","2008/04/23 14:15:22"
"HAISOU","îzëó","","sis01","2008/04/21 10:14:05","sis01","2008/04/21 10:14:05"
"HAITA","îrëº","","wt03","2008/05/20 10:55:57","wt03","2008/05/20 10:55:57"
"HAIZOKU","îzëÆ","","sis01","2008/04/21 10:14:17","sis01","2008/04/21 10:14:17"
"HAKKOU","î≠çs","","sis01","2008/04/21 10:14:23","sis01","2008/04/21 10:14:23"
"HANBAI","îÃîÑ","","sis01","2008/04/21 10:14:28","sis01","2008/04/21 10:14:28"
"HANEI","îΩâf","","sis05","2008/07/04 10:26:36","sis05","2008/07/04 10:26:36"
"HANI","îÕàÕ","","lpa00","2008/07/10 10:59:41","lpa00","2008/07/10 10:59:41"
"HANSOKU","îÃë£","","sis01","2008/04/21 10:14:35","sis01","2008/04/21 10:14:35"
"HANSU","î≈êî","","fsol05","2009/03/19 15:24:23","fsol05","2009/03/19 15:24:23"
"HANSYA","îÃé–","","sis01","2008/04/21 10:14:40","sis01","2008/04/21 10:14:40"
"HANTEI","îªíË","","lpa02","2008/08/21 11:13:27","lpa02","2008/08/21 11:13:27"
"HARITUKE","ì\ït","","sis01","2008/04/21 10:14:46","sis01","2008/04/21 10:14:46"
"HASAN","îjéY","","sis01","2008/04/21 10:14:51","sis01","2008/04/21 10:14:51"
"HASEI","îhê∂","","fsol05","2009/03/19 15:24:23","fsol05","2009/03/19 15:24:23"
"HASON","îjëπ","","fsol05","2009/03/19 15:24:23","fsol05","2009/03/19 15:24:23"
"HASSEI","î≠ê∂","","base01","2008/11/19 10:29:44","base01","2008/11/19 10:29:44"
"HASSOU","î≠ëó","","sis01","2008/04/23 14:15:59","sis01","2008/04/23 14:15:59"
"HASU","í[êî","","sis01","2008/04/21 10:14:59","sis01","2008/04/21 10:14:59"
"HATARI","ñ{ìñÇË","","sis01","2008/04/21 10:15:06","sis01","2008/04/21 10:15:06"
"HATTYU","î≠íç","","sis01","2008/04/21 10:15:13","sis01","2008/04/21 10:15:13"
"HATUBAI","î≠îÑ","","sis01","2008/04/21 10:15:20","sis01","2008/04/21 10:15:20"
"HC","ÇgÇb","","sis01","2008/04/23 14:13:24","sis01","2008/04/23 14:13:24"
"HENDOU","ïœìÆ","","sis01","2008/04/21 10:15:26","sis01","2008/04/21 10:15:26"
"HENKIN","ï‘ã‡","","fsol10","2010/12/09 19:16:33","fsol10","2010/12/09 19:16:33"
"HENKOU","ïœçX","","sis01","2008/04/21 10:15:32","sis01","2008/04/21 10:15:32"
"HENKOUKA","ïœçXâ¬","","sis05","2008/07/04 18:21:14","sis05","2008/07/04 18:21:14"
"HENKYAKU","ï‘ãp","","fsol05","2009/03/19 15:24:23","fsol05","2009/03/19 15:24:23"
"HENPIN","ï‘ïi","","sis01","2008/04/21 10:15:39","sis01","2008/04/21 10:15:39"
"HIBETU","ì˙ï ","","fsol05","2010/10/07 19:23:39","fsol05","2010/10/07 19:23:39"
"HIDUKE","ì˙ït","","fsol03","2008/04/17 12:59:28","sis01","2008/04/23 14:22:35"
"HIHYOUZI","îÒï\é¶","","fsol10","2008/07/16 14:04:53","fsol10","2008/07/16 14:07:14"
"HIKADOU","îÒâ“ì≠","","sis01","2008/04/22 11:20:28","sis01","2008/04/22 11:20:28"
"HIKARI","åı","","sis01","2008/04/21 10:15:49","sis01","2008/04/21 10:15:49"
"HIKAZEI","îÒâ€ê≈","","sis01","2008/04/21 10:15:54","sis01","2008/04/21 10:15:54"
"HIKETU","î€åà","","sis01","2008/04/21 10:16:00","sis01","2008/04/21 10:16:00"
"HIKIAGE","à¯è„","","sis01","2008/04/21 10:16:06","sis01","2008/04/21 10:16:06"
"HIKIAGEKI","à¯è„ã@","","fsol05","2009/03/19 15:24:23","fsol05","2009/03/19 15:24:23"
"HIKIGO","à¯å„","","sis02","2008/07/01 10:50:07","sis02","2008/07/01 10:50:07"
"HIKIOTOSI","à¯óé","","fsol05","2009/03/19 15:24:23","fsol05","2009/03/19 15:24:23"
"HIKITORI","à¯éÊ","","sis01","2008/04/23 14:15:28","sis01","2008/04/23 14:15:28"
"HIKIUKE","à¯éÛ","","sis01","2008/04/21 10:16:12","sis01","2008/04/21 10:16:12"
"HIKIWATASI","à¯ìn","","fsol05","2009/03/19 15:24:23","fsol05","2009/03/19 15:24:23"
"HIKOUKAI","îÒåˆäJ","","lpa01","2008/06/11 15:58:22","lpa01","2008/06/11 15:58:22"
"HIMOKU","îÔñ⁄","","fsol05","2010/10/07 19:23:39","fsol05","2010/10/07 19:23:39"
"HINBAN","ïiî‘","","fsol05","2010/10/07 19:23:39","fsol05","2010/10/07 19:23:39"
"HINMOKU","ïiñ⁄","","fsol05","2010/10/07 19:23:39","fsol05","2010/10/07 19:23:39"
"HIRITU","î‰ó¶","","fsol05","2009/04/09 21:41:46","fsol05","2009/04/09 21:41:46"
"HIS","óöó","","fsol05","2010/10/07 19:23:39","fsol05","2010/10/07 19:23:39"
"HISSU","ïKê{","","fsol05","2010/10/07 19:23:39","fsol05","2010/10/07 19:23:39"
"HIYOU","îÔóp","","lpa01","2008/06/11 15:38:16","lpa01","2008/06/11 15:38:16"
"HMS","éûï™ïb","","wt01","2008/06/09 14:42:29","wt01","2008/06/09 14:42:29"
"HOKAN","ï€ä«","","fsol05","2009/03/19 15:24:23","fsol05","2009/03/19 15:24:23"
"HOKEN","ï€åØ","","sis01","2008/04/21 10:16:32","sis01","2008/04/21 10:16:32"
"HOKURIKU","ñkó§","","fsol05","2009/04/14 09:50:46","fsol05","2009/04/14 09:50:46"
"HON","ñ{","","sis01","2008/04/21 10:16:50","sis01","2008/04/21 10:16:50"
"HONSU","ñ{êî","","sis01","2008/04/21 10:16:56","sis01","2008/04/21 10:16:56"
"HONSYA","ñ{é–","","sis01","2008/04/21 10:17:04","sis01","2008/04/21 10:17:04"
"HONTAI","ñ{ëÃ","","sis01","2008/04/21 10:17:45","sis01","2008/04/21 10:17:45"
"HORYU","ï€óØ","","sis01","2008/04/21 10:17:55","sis01","2008/04/21 10:17:55"
"HOSOKU","ï‚ë´","","lpa01","2008/05/13 11:03:26","lpa01","2008/05/13 11:03:26"
"HOST","ÇgÇnÇrÇs","","lpa04","2009/10/06 14:27:35","lpa04","2009/10/06 14:27:35"
"HOSYOUKIN","ï€èÿã‡","","fsol05","2010/10/07 19:23:39","fsol05","2010/10/07 19:23:39"
"HOSYOUNIN","ï€èÿêl","","sis01","2008/04/21 10:16:17","sis02","2008/04/24 16:26:39"
"HOT","ÇgÇnÇs","","sis01","2008/04/23 14:14:02","sis01","2008/04/23 14:14:02"
"HOUHOU","ï˚ñ@","","sis01","2008/04/21 10:18:02","sis01","2008/04/21 10:18:02"
"HOUKOKU","ïÒçê","","sis01","2008/04/21 10:18:07","sis01","2008/04/21 10:18:07"
"HOUKOKUSYO","ïÒçêèë","","fsol05","2009/03/19 15:24:23","fsol05","2009/03/19 15:24:23"
"HOUMON","ñKñ‚","","fsol05","2009/03/19 15:24:23","fsol05","2009/03/19 15:24:23"
"HOZON","ï€ë∂","","fsol00","2008/08/21 20:08:54","fsol00","2008/08/21 20:08:54"
"HOZYO","ï‚èï","","sis01","2008/04/21 10:18:13","sis01","2008/04/21 10:18:13"
"HOZYOBO","ï‚èïïÎ","","fsol05","2010/10/07 19:23:39","fsol05","2010/10/07 19:23:39"
"HOZYU","ï‚è[","","sis01","2008/04/23 14:13:18","sis01","2008/04/23 14:13:18"
"HSKDAI","îÃë£ë„","","fsol05","2010/10/07 19:23:39","fsol05","2010/10/07 19:23:39"
"HSKIN","îÃîÑèßó„ã‡","","fsol07","2011/01/18 22:13:17","fsol07","2011/01/18 22:13:17"
"HT","ÇgÇs","","sis01","2008/04/21 10:18:19","sis01","2008/04/21 10:18:19"
"HUITTI","ïsàÍív","","fsol05","2010/10/07 19:23:39","fsol05","2010/10/07 19:23:39"
"HUKU","ïõ","","fsol05","2009/04/14 09:58:33","fsol05","2009/04/14 09:58:33"
"HUNOU","ïsî\","","sis01","2008/04/21 10:18:24","sis01","2008/04/21 10:18:24"
"HURIDASI","êUèo","","fsol05","2010/10/07 19:23:39","fsol05","2010/10/07 19:23:39"
"HURIKAE","êUë÷","","fsol05","2010/10/07 19:23:39","fsol05","2010/10/07 19:23:39"
"HURIKOMI","êUçû","","sis01","2008/04/21 10:18:31","sis01","2008/04/21 10:18:31"
"HURIWAKE","êUï™","","fsol05","2009/03/19 15:24:23","fsol05","2009/03/19 15:24:23"
"HUTAI","ïtë—","","fsol05","2009/03/19 15:24:23","fsol05","2009/03/19 15:24:23"
"HUTAN","ïâíS","","sis01","2008/04/21 10:18:37","sis01","2008/04/21 10:18:37"
"HUTU","ïÅí ","","sis01","2008/04/21 10:18:46","sis01","2008/04/21 10:18:46"
"HUWATARI","ïsìn","","fsol05","2010/10/07 19:23:39","fsol05","2010/10/07 19:23:39"
"HUYOU","ïsóv","","sis01","2008/04/21 10:18:53","sis01","2008/04/21 10:18:53"
"HYOU","ï[","","sis01","2008/04/21 10:18:58","sis01","2008/04/21 10:18:58"
"HYOUDAI","ïWëË","","fsol05","2009/04/03 17:19:55","fsol05","2009/04/03 17:19:55"
"HYOUZI","ï\é¶","","sis01","2008/04/21 10:19:04","sis01","2008/04/21 10:19:04"
"HYOUZIZYUN","ï\é¶èá","","fsol05","2010/10/07 19:23:39","fsol05","2010/10/07 19:23:39"
"HYOUZYUN","ïWèÄ","","fsol05","2009/03/19 15:24:23","fsol05","2009/03/19 15:24:23"
"ID","ÇhÇc","","sis01","2008/04/21 10:19:10","sis01","2008/04/21 10:19:10"
"IDOU","à⁄ìÆ","","sis01","2008/04/21 10:19:16","sis01","2008/04/21 10:19:16"
"IGAI","à»äO","","fsol05","2010/10/07 19:23:38","fsol05","2010/10/07 19:23:38"
"IKAN","à⁄ä«","","fsol10","2008/11/26 13:46:50","fsol10","2008/11/26 13:46:50"
"IKANSAKI","à⁄ä«êÊ","","base08","2008/12/05 13:41:54","base08","2008/12/05 13:41:54"
"IKKATU","àÍäá","","sis01","2008/04/21 10:19:21","sis01","2008/04/21 10:19:21"
"IN","ì¸óÕ","","sis01","2008/04/21 10:19:26","sis01","2008/04/21 10:19:26"
"IN","ÉCÉì","","lpa01","2008/06/24 13:13:55","lpa01","2008/06/24 13:13:55"
"INFO","èÓïÒ","","sis01","2008/04/21 10:19:31","sis01","2008/04/21 10:19:31"
"INVOICE","ÉCÉìÉ{ÉCÉX","","fsol07","2011/02/09 19:25:00","fsol07","2011/02/09 19:25:00"
"INZI","àÛéö","","fsol10","2008/06/03 17:04:34","fsol10","2008/07/16 14:53:48"
"IP","ÇhÇo","","lpa02","2008/08/20 15:42:17","lpa02","2008/08/20 15:42:17"
"IPPAN","àÍî ","","fsol05","2009/03/19 15:24:23","fsol05","2009/03/19 15:24:23"
"IRAI","àÀóä","","sis01","2008/04/21 10:19:41","sis01","2008/04/21 10:19:41"
"IRAININ","àÀóäêl","","base01","2008/12/12 14:37:32","base01","2008/12/12 14:37:32"
"IRAISYO","àÀóäèë","","sis01","2008/04/21 10:19:46","sis01","2008/04/21 10:19:46"
"IRISU","ì¸êî","","sis01","2008/04/21 10:19:51","sis01","2008/04/21 10:19:51"
"ITEM","ÉAÉCÉeÉÄ","","sis01","2008/04/21 10:19:55","sis01","2008/04/21 10:19:55"
"ITEM","çÄñ⁄","","lpa01","2008/04/24 14:53:55","lpa01","2008/04/24 14:53:55"
"ITF","ÇhÇsÇe","","sis01","2008/04/21 10:20:00","sis01","2008/04/21 10:20:00"
"ITI","à íu","","sis01","2008/04/21 10:20:07","sis01","2008/04/21 10:20:07"
"ITINENTYO","àÍîNí¥","","base01","2008/11/14 11:02:24","base00","2009/01/09 20:41:03"
"ITIRAN","àÍóó","","sis01","2008/04/21 10:20:12","sis01","2008/04/21 10:20:12"
"ITIZI","àÍéû","","sis01","2008/04/21 10:20:19","sis01","2008/04/21 10:20:19"
"IYAKUKIN","à·ñÒã‡","","fsol05","2010/10/07 19:23:38","fsol05","2010/10/07 19:23:38"
"IZYOU","àŸèÌ","","fsol05","2010/10/07 19:23:38","fsol05","2010/10/07 19:23:38"
"JA","ì˙ñ{åÍ","","wt03","2008/05/20 10:00:24","wt03","2008/05/20 10:00:24"
"JAN","ÇiÇ`Çm","","sis01","2008/04/21 10:20:33","sis01","2008/04/21 10:20:33"
"JVMA","ÇiÇuÇlÇ`","","sis01","2008/04/21 10:20:46","sis01","2008/04/21 10:20:46"
"JWNET","ÇiÇvÇmÇdÇs","","fsol05","2009/03/19 15:24:22","fsol05","2009/03/19 15:24:22"
"K","Çj","","sis02","2008/06/30 15:33:06","sis02","2008/06/30 15:33:06"
"KA","â¬","","sis05","2008/07/04 10:34:19","sis05","2008/07/04 10:34:19"
"KABUSOKU","âﬂïsë´","","fsol05","2010/10/07 19:23:38","fsol05","2010/10/07 19:23:38"
"KADOU","â“ì≠","","sis01","2008/04/22 11:19:48","sis01","2008/04/22 11:19:48"
"KADOUBI","â“ì≠ì˙","","fsol10","2008/07/14 20:51:57","fsol10","2008/07/14 20:51:57"
"KAGEN","â∫å¿","","sis01","2008/04/21 10:21:02","sis01","2008/04/21 10:21:02"
"KAGI","ÉJÉM","","fsol05","2009/03/19 15:24:22","fsol05","2009/03/19 15:24:22"
"KAI","â∫à ","","fsol07","2011/01/18 22:13:17","fsol07","2011/01/18 22:13:17"
"KAIGAI","äCäO","","sis01","2008/04/21 10:21:08","sis01","2008/04/21 10:21:08"
"KAIHI","âÔîÔ","","fsol05","2010/10/07 19:23:38","fsol05","2010/10/07 19:23:38"
"KAIHOUIKI","äJï˙àÊ","","fsol05","2010/10/07 19:23:38","fsol05","2010/10/07 19:23:38"
"KAIIN","âÔàı","","fsol05","2009/03/19 15:24:23","fsol05","2009/03/19 15:24:23"
"KAIKEI","âÔåv","","sis01","2008/04/21 10:21:14","sis01","2008/04/21 10:21:14"
"KAIPAGE","â¸ï≈","","lpa01","2008/05/26 13:50:13","lpa01","2008/05/26 13:50:13"
"KAISOU","âÒëó","","sis01","2008/04/21 10:21:19","sis01","2008/04/21 10:21:19"
"KAISU","âÒêî","","sis01","2008/04/21 10:21:24","sis01","2008/04/21 10:21:24"
"KAISYA","âÔé–","","Administrator","2008/04/16 18:20:22","Administrator","2008/04/16 18:20:22"
"KAISYU","âÒé˚","","sis01","2008/04/21 10:21:44","sis01","2008/04/21 10:21:44"
"KAITOKU","âÒìæ","","sis01","2008/04/21 10:21:51","sis01","2008/04/21 10:21:51"
"KAITORI","îÉéÊ","","lpa01","2008/08/18 17:43:31","lpa01","2008/08/18 17:43:31"
"KAIYAKU","âñÒ","","sis01","2008/04/21 10:22:02","sis01","2008/04/21 10:22:02"
"KAIZYO","âèú","","sis05","2008/07/01 10:18:32","sis05","2008/07/01 10:18:32"
"KAKAKU","âøäi","","sis01","2008/04/21 10:22:10","sis01","2008/04/21 10:22:10"
"KAKERITU","ä|ó¶","","sis01","2008/04/23 14:14:15","sis01","2008/04/23 14:14:15"
"KAKUNIN","ämîF","","lpa00","2008/07/10 10:45:30","lpa00","2008/07/10 10:45:30"
"KAKUTEI","ämíË","","sis01","2008/04/21 10:22:17","sis01","2008/04/21 10:22:17"
"KAMOKU","â»ñ⁄","","sis01","2008/04/21 10:22:24","sis01","2008/04/21 10:22:24"
"KANA","ÉJÉi","","sis01","2008/04/21 10:22:30","sis01","2008/04/21 10:22:30"
"KANKEI","ä÷åW","","fsol05","2009/03/19 15:24:23","fsol05","2009/03/19 15:24:23"
"KANOU","â¬î\","","sis01","2008/04/21 10:22:35","sis01","2008/04/21 10:22:35"
"KANRI","ä«óù","","sis01","2008/04/21 10:22:40","sis01","2008/04/21 10:22:40"
"KANRYOU","äÆóπ","","fsol05","2009/03/19 15:24:23","fsol05","2009/03/19 15:24:23"
"KANSA","äƒç∏","","sis01","2008/04/21 10:22:45","sis01","2008/04/21 10:22:45"
"KANYU","â¡ì¸","","fsol05","2009/03/19 15:24:23","fsol05","2009/03/19 15:24:23"
"KANZI","äøéö","","fsol05","2009/03/19 15:24:23","fsol05","2009/03/19 15:24:23"
"KARA","Å`","","lpa01","2008/05/27 19:48:09","lpa01","2008/05/27 19:48:09"
"KARI","âº","","sis01","2008/04/22 09:50:36","sis01","2008/04/22 09:50:36"
"KARIBARAI","âºï•","","fsol05","2010/10/07 19:23:38","fsol05","2010/10/07 19:23:38"
"KARIKATA","éÿï˚","ëÂìØñÚïiçHã∆","fsol20","2009/02/12 19:10:31","fsol20","2009/02/12 19:10:31"
"KARIZIME","âºí˜","","fsol05","2010/06/24 20:25:12","fsol05","2010/06/24 20:25:12"
"KASAN","â¡éZ","","fsol05","2009/03/19 15:24:23","fsol05","2009/03/19 15:24:23"
"KASIDAORE","ë›ì|","","sis01","2008/04/21 10:23:14","sis01","2008/04/21 10:23:14"
"KASIKATA","ë›ï˚","ëÂìØñÚïiçHã∆","fsol20","2009/02/10 09:52:33","fsol20","2009/02/10 09:52:33"
"KASYO","â”èä","","lpa01","2008/08/20 09:48:13","lpa01","2008/08/20 09:48:13"
"KAZEI","â€ê≈","","sis01","2008/04/21 10:23:23","sis01","2008/04/21 10:23:23"
"KBN","ãÊï™","","sis01","2008/04/21 10:23:29","sis01","2008/04/21 10:23:29"
"KEI","ån","","base09","2008/12/05 14:42:09","base09","2008/12/05 14:42:09"
"KEIHI","åoîÔ","","sis01","2008/04/21 10:23:34","sis01","2008/04/21 10:23:34"
"KEIKOUTOU","åuåıìî","","fsol05","2009/03/19 15:24:23","fsol05","2009/03/19 15:24:23"
"KEIRI","åoóù","","sis01","2008/04/21 10:23:39","sis01","2008/04/21 10:23:39"
"KEISIKI","å`éÆ","","fsol07","2011/01/18 22:13:17","fsol07","2011/01/18 22:13:17"
"KEITAI","å`ë‘","","sis01","2008/04/21 10:23:44","sis01","2008/04/21 10:23:44"
"KEIYAKU","å_ñÒ","","sis01","2008/04/21 10:23:50","sis01","2008/04/21 10:23:50"
"KEIYAKUSYO","å_ñÒèë","","sis01","2008/04/21 10:23:57","sis01","2008/04/21 10:23:57"
"KEIZOKU","åpë±","","fsol07","2011/01/18 22:13:17","fsol07","2011/01/18 22:13:17"
"KEIZYOU","åvè„","","sis01","2008/04/21 10:24:02","sis01","2008/04/21 10:24:02"
"KEKKA","åãâ ","","fsol05","2009/03/19 15:24:23","fsol05","2009/03/19 15:24:23"
"KENGEN","å†å¿","","sis01","2008/04/21 10:24:08","sis01","2008/04/21 10:24:08"
"KENMEI","åèñº","","fsol05","2009/03/19 15:24:23","fsol05","2009/03/19 15:24:23"
"KENMU","åìñ±","","fsol09","2008/06/19 14:48:01","fsol09","2008/06/19 14:48:01"
"KENSU","åèêî","","wt03","2008/05/19 14:36:46","wt03","2008/05/19 14:36:46"
"KESIKOMI","è¡çû","","fsol05","2010/06/25 20:26:10","fsol05","2010/06/25 20:26:10"
"KESSAI","åàçœ","","fsol10","2011/01/11 15:41:26","fsol10","2011/01/11 15:41:26"
"KESSAI","åàçŸ","","sis01","2008/04/23 14:17:11","sis01","2008/04/23 14:17:11"
"KESSAN","åàéZ","","sis01","2008/04/21 10:24:20","sis01","2008/04/21 10:24:20"
"KETA","åÖêî","","sis01","2008/04/21 10:24:24","sis01","2008/04/21 10:24:24"
"KETTEI","åàíË","","sis01","2008/04/23 14:16:11","sis01","2008/04/23 14:16:11"
"KIAN","ãNàƒ","","fsol07","2011/01/18 22:13:17","fsol07","2011/01/18 22:13:17"
"KIBAN","ã@î‘","","sis01","2008/04/21 10:24:34","sis01","2008/04/21 10:24:34"
"KIBOU","äÛñ]","","fsol05","2009/03/19 15:24:23","fsol05","2009/03/19 15:24:23"
"KIBOUKOURI","äÛñ]è¨îÑ","","sis01","2008/04/21 10:24:39","sis01","2008/04/21 10:24:39"
"KIDOU","ãNìÆ","","fsol05","2008/06/24 14:48:18","fsol05","2008/06/24 14:48:18"
"KIGEN","ä˙å¿","","sis01","2008/04/21 10:24:44","sis01","2008/04/21 10:24:44"
"KIGYOU","äÈã∆","","sis01","2008/04/21 10:24:49","sis01","2008/04/21 10:24:49"
"KIHON","äÓñ{","","sis01","2008/04/21 10:24:55","sis01","2008/04/21 10:24:55"
"KIHUKIN","äÒïtã‡","","sis01","2008/04/21 10:25:00","sis01","2008/04/21 10:25:00"
"KIHYOU","ãNï[","","wt03","2008/05/16 17:03:23","wt03","2008/05/16 17:03:23"
"KIKAKU","ãKäi","","sis01","2008/04/21 10:25:06","sis01","2008/04/21 10:25:06"
"KIKAN","ä˙ä‘","","sis01","2008/04/21 10:25:11","sis01","2008/04/21 10:25:11"
"KIKETU","ä˘åà","","fsol00","2008/08/21 20:09:08","fsol00","2008/08/21 20:09:08"
"KIMATU","ä˙ññ","","fsol07","2011/01/25 22:00:42","fsol07","2011/01/25 22:00:42"
"KIN10","ã‡äz10","","fsol07","2011/01/18 22:13:17","fsol07","2011/01/18 22:13:17"
"KIN12","ã‡äz12","","fsol05","2010/10/07 19:23:38","fsol05","2010/10/07 19:23:38"
"KIN15","ã‡äz15","","fsol07","2011/01/18 22:13:17","fsol07","2011/01/18 22:13:17"
"KIN8","ã‡äz8","","fsol07","2011/01/18 22:13:17","fsol07","2011/01/18 22:13:17"
"KINGAKU","ã‡äz","","fsol03","2008/04/18 15:57:24","sis01","2008/04/22 09:49:48"
"KINMU","ãŒñ±","","fsol10","2008/04/22 09:26:05","fsol10","2008/04/22 09:26:05"
"KINOU","ã@î\","","lpa01","2008/06/30 11:22:00","lpa01","2008/06/30 11:22:00"
"KINSYU","ã‡éÌ","","fsol10","2011/01/11 13:03:43","fsol10","2011/01/11 13:03:43"
"KIRIKAE","êÿë÷","","wt01","2008/06/09 13:29:15","wt01","2008/06/09 13:29:15"
"KISAN","ãNéZ","","sis01","2008/04/21 10:25:40","sis01","2008/04/21 10:25:40"
"KISETU","ä˘ê›","","fsol05","2009/03/19 15:24:23","fsol05","2009/03/19 15:24:23"
"KISYU","ä˙éÒ","","fsol07","2011/01/25 22:00:30","fsol07","2011/01/25 22:00:30"
"KISYU","ã@éÌ","","sis01","2008/04/21 10:26:10","sis01","2008/04/21 10:26:10"
"KIZITU","ä˙ì˙","","fsol05","2010/10/07 19:23:38","fsol05","2010/10/07 19:23:38"
"KIZON","ä˘ë∂","","sis01","2008/04/21 10:26:18","sis01","2008/04/21 10:26:18"
"KIZYUN","äÓèÄ","","sis01","2008/04/21 10:26:58","sis01","2008/04/21 10:26:58"
"KNZ","ä®íË","","fsol05","2010/10/07 19:23:38","fsol05","2010/10/07 19:23:38"
"KO","éq","","fsol05","2010/10/07 19:23:38","fsol05","2010/10/07 19:23:38"
"KOBETU","å¬ï ","","fsol14","2008/10/09 10:34:18","fsol14","2008/10/09 10:34:18"
"KOGITTE","è¨êÿéË","","fsol05","2010/10/07 19:23:39","fsol05","2010/10/07 19:23:39"
"KOKYAKU","å⁄ãq","","base01","2008/12/12 13:21:27","base01","2008/12/12 13:21:27"
"KOMI","çû","","sis01","2008/04/21 10:27:05","sis01","2008/04/21 10:27:05"
"KONKAI","ç°âÒ","","sis01","2008/04/21 10:27:10","sis01","2008/04/21 10:27:10"
"KONKI","ç°ä˙","","sis01","2008/04/21 10:27:26","sis01","2008/04/21 10:27:26"
"KONZAI","ç¨ç›","","sis01","2008/04/23 14:14:21","sis01","2008/04/23 14:14:21"
"KOSYOU","åÃè·","","fsol05","2009/03/19 15:24:23","fsol05","2009/03/19 15:24:23"
"KOTEI","å≈íË","","sis01","2008/04/21 10:27:31","sis01","2008/04/21 10:27:31"
"KOTOSI","ç°îN","","fsol09","2008/10/24 20:23:13","fsol09","2008/10/24 20:23:13"
"KOUIKI","çLàÊ","","sis01","2008/04/21 10:27:36","sis01","2008/04/21 10:27:36"
"KOUKAI","åˆäJ","","lpa01","2008/06/11 14:25:00","lpa01","2008/06/11 14:25:00"
"KOUKANZYO","åä∑èä","","sis01","2008/04/21 10:27:40","sis01","2008/04/21 10:27:40"
"KOUKOKU","çLçê","","lpa01","2008/06/11 15:54:48","lpa01","2008/06/11 15:54:48"
"KOUNYU","çwì¸","ëÂìØñÚïiçHã∆","fsol20","2009/02/04 09:36:35","fsol20","2009/02/04 09:36:35"
"KOURYOU","çHóø","","fsol05","2009/03/19 15:24:23","fsol05","2009/03/19 15:24:23"
"KOUSEI","çXê∂","","sis01","2008/04/21 10:27:45","sis01","2008/04/21 10:27:45"
"KOUZA","å˚ç¿","","sis01","2008/04/21 10:27:52","sis01","2008/04/21 10:27:52"
"KOUZI","çHéñ","","fsol05","2009/04/13 15:31:26","fsol05","2009/04/13 15:31:26"
"KRHEN","ä÷òAîÔâáèï","","fsol07","2011/01/18 22:13:17","fsol07","2011/01/18 22:13:17"
"KURADASI","ë†èo","","fsol07","2011/01/18 22:13:17","fsol07","2011/01/18 22:13:17"
"KURIKAESI","åJï‘","","fsol10","2008/07/15 11:32:14","fsol10","2008/07/15 11:32:14"
"KURIKOSI","åJâz","","sis01","2008/04/21 10:28:17","sis01","2008/04/21 10:28:17"
"KYAKU","ãq","","sis01","2008/04/21 10:29:07","sis01","2008/04/21 10:29:07"
"KYORI","ãóó£","","fsol07","2011/01/18 22:13:17","fsol07","2011/01/18 22:13:17"
"KYOUEIKAI","ã§âhâÔ","","sis01","2008/04/21 10:30:16","sis01","2008/04/21 10:30:16"
"KYOUSAN","ã¶é^","","lpa01","2008/06/11 15:54:02","lpa01","2008/06/11 15:54:02"
"KYOUSANKIN","ã¶é^ã‡","","lpa01","2008/06/11 14:17:50","lpa01","2008/06/11 14:17:50"
"KYOUSYUTU","ãüèo","","sis01","2008/04/21 10:30:22","sis01","2008/04/21 10:30:22"
"KYOUTEISYO","ã¶íËèë","","sis01","2008/04/21 10:30:27","sis01","2008/04/21 10:30:27"
"KYOUTU","ã§í ","","fsol07","2011/01/18 22:13:17","fsol07","2011/01/18 22:13:17"
"KYOUYO","ãüó^","","fsol05","2009/03/19 15:24:23","fsol05","2009/03/19 15:24:23"
"KYOUYOU","ã§óp","","sis01","2008/04/21 10:30:32","sis01","2008/04/21 10:30:32"
"KYOYOU","ãñóe","","fsol07","2011/01/18 22:13:17","fsol07","2011/01/18 22:13:17"
"KYU","ãå","","sis01","2008/04/23 14:10:03","sis01","2008/04/23 14:10:03"
"KYUZITU","ãxì˙","","fsol05","2009/03/19 15:24:23","fsol05","2009/03/19 15:24:23"
"L","Çk","","sis05","2008/06/30 15:36:31","sis05","2008/06/30 15:36:31"
"L","ëÂ","","sis01","2008/04/21 10:30:40","sis01","2008/04/21 10:30:40"
"LABEL","ÉâÉxÉã","","fsol10","2008/07/23 11:43:30","fsol10","2008/07/23 11:43:30"
"LAST","ç≈èI","","sis01","2008/04/21 10:30:45","sis01","2008/04/21 10:30:45"
"LEASE","ÉäÅ[ÉX","","sis01","2008/04/21 10:30:53","sis01","2008/04/21 10:30:53"
"LEASERYOU","ÉäÅ[ÉXóø","","fsol05","2009/03/19 15:24:22","fsol05","2009/03/19 15:24:22"
"LIST","ÉäÉXÉg","","sis01","2008/04/21 10:31:00","sis01","2008/04/21 10:31:00"
"LITERAL","ÉäÉeÉâÉã","","fsol10","2008/07/15 11:34:47","fsol10","2008/07/15 11:34:47"
"LMT","å¿ìx","","sis01","2008/04/21 10:31:09","sis01","2008/04/21 10:31:09"
"LOCATION","ÉçÉPÅ[ÉVÉáÉì","","sis01","2008/04/21 10:31:16","sis01","2008/04/21 10:31:16"
"LOGIN","ÉçÉOÉCÉì","","sis01","2008/04/21 10:31:22","sis01","2008/04/21 10:31:22"
"LSIEN","ÉçÉPéxâá","","fsol07","2011/01/18 22:13:17","fsol07","2011/01/18 22:13:17"
"LVL","ÉåÉxÉã","","sis01","2008/04/21 10:31:28","sis01","2008/04/21 10:31:28"
"M","íÜ","","sis01","2008/04/21 10:31:33","sis01","2008/04/21 10:31:33"
"MAE","ëO","","sis01","2008/04/23 14:16:05","sis01","2008/04/23 14:16:05"
"MAEBKIN","ëOï•ã‡","","fsol07","2011/01/18 22:13:17","fsol07","2011/01/21 10:42:29"
"MAGO","ë∑","","fsol05","2010/10/07 19:23:39","fsol05","2010/10/07 19:23:39"
"MAIKAI","ñàâÒ","","sis01","2008/04/21 10:31:43","sis01","2008/04/21 10:31:43"
"MAIN","ÉÅÉCÉì","","fsol05","2009/03/27 16:19:42","fsol05","2009/03/27 16:19:42"
"MAINTE","ÉÅÉìÉeÉiÉìÉX","","sis01","2008/04/21 10:32:42","fsol05","2009/05/11 13:32:59"
"MAISU","ñáêî","","fsol05","2010/10/07 19:23:39","fsol05","2010/10/07 19:23:39"
"MAKER","ÉÅÅ[ÉJÅ[","","sis01","2008/04/21 10:31:54","sis01","2008/04/21 10:31:54"
"MANU","É}ÉjÉÖÉtÉFÉXÉg","","sis01","2008/04/21 10:32:02","sis01","2008/04/21 10:32:02"
"MARK","É}Å[ÉLÉìÉO","","sis01","2008/04/21 10:32:08","sis01","2008/04/21 10:32:08"
"MARUME","ä€Çﬂ","","sis01","2008/04/21 10:32:13","sis01","2008/04/21 10:32:13"
"MASTER","É}ÉXÉ^","","lpa01","2008/08/18 19:32:11","lpa01","2008/08/18 19:32:11"
"MATCH","É}ÉbÉ`","","wt03","2008/05/20 10:49:05","wt03","2008/05/20 10:49:05"
"MATTAN","ññí[","","sis01","2008/04/21 10:32:18","sis01","2008/04/21 10:32:18"
"MEI","ñæç◊","","sis01","2008/04/21 10:32:23","sis01","2008/04/21 10:32:23"
"MEI","ñº","","sis05","2008/07/04 10:31:43","sis05","2008/07/04 10:31:43"
"MEIGI","ñºã`","","sis01","2008/04/21 10:32:28","sis01","2008/04/21 10:32:28"
"MEIGININ","ñºã`êl","","sis01","2008/04/21 10:32:32","sis01","2008/04/21 10:32:32"
"MEISAISYO","ñæç◊èë","","sis01","2008/04/21 10:32:37","sis01","2008/04/21 10:32:37"
"MENU","ÉÅÉjÉÖÅ[","","sis01","2008/04/21 10:32:47","sis01","2008/04/21 10:32:47"
"MI","ñ¢","","sis01","2008/04/21 10:32:52","sis01","2008/04/21 10:32:52"
"MIKETU","ñ¢åà","","fsol00","2008/08/21 20:09:18","fsol00","2008/08/21 20:09:18"
"MIKETUBAKO","ñ¢åàî†","","fsol10","2011/01/04 19:43:04","fsol10","2011/01/04 19:43:04"
"MIKOMI","å©çû","","sis01","2008/04/23 14:10:45","sis01","2008/04/23 14:10:45"
"MIN","É~Éj","","fsol14","2008/10/09 19:11:28","fsol14","2008/10/09 19:11:28"
"MINHOSYOU","ç≈í·ï€è·","","sis01","2008/04/21 12:28:34","sis01","2008/04/21 12:28:34"
"MISYU","ñ¢é˚","","lpa00","2008/07/10 11:57:25","fsol07","2009/12/08 10:37:49"
"MITATU","ñ¢íB","","lpa01","2008/10/01 15:08:02","lpa01","2008/10/01 15:08:02"
"MITUMORI","å©êœ","","fsol05","2009/03/19 15:24:23","fsol05","2009/03/19 15:24:23"
"MODOSIIRE","ñﬂì¸","","fsol07","2011/01/18 22:13:17","fsol07","2011/01/18 22:13:17"
"MOKUHYOU","ñ⁄ïW","","sis01","2008/04/21 10:32:57","sis01","2008/04/21 10:32:57"
"MON","åéój","","sis01","2008/04/21 10:33:07","sis01","2008/04/21 10:33:07"
"MONEY","É}ÉlÅ[","","lpa01","2008/08/18 17:41:18","lpa01","2008/08/18 17:41:18"
"MONTHLY","åééü","","sis01","2008/04/21 10:47:09","sis01","2008/04/21 10:47:09"
"MOTO","å≥","","sis01","2008/04/21 10:33:11","sis01","2008/04/21 10:33:11"
"MOZI","ï∂éö","","fsol10","2008/07/14 20:27:44","fsol10","2008/07/16 14:07:07"
"MSG","ÉÅÉbÉZÅ[ÉW","","wt03","2008/08/08 16:19:13","wt03","2008/08/08 16:19:13"
"MUSYOU","ñ≥èû","","sis01","2008/04/21 10:33:16","sis01","2008/04/21 10:33:16"
"NAIYOU","ì‡óe","","sis01","2008/04/23 14:10:28","sis01","2008/04/23 14:10:28"
"NAIYOURYOU","ì‡óeó ","","sis01","2008/04/23 14:17:36","sis01","2008/04/23 14:17:36"
"NASI","ñ≥Çµ","","base00","2008/10/30 19:59:03","fsol05","2009/04/13 14:32:00"
"NEBIKI","ílà¯","","sis01","2008/04/21 10:33:20","sis01","2008/04/21 10:33:20"
"NEN","îN","","sis01","2008/04/21 10:33:25","sis01","2008/04/21 10:33:25"
"NENDO","îNìx","","sis01","2008/04/21 10:33:47","sis01","2008/04/21 10:33:47"
"NENKAN","îNä‘","","fsol05","2009/03/19 15:24:23","fsol05","2009/03/19 15:24:23"
"NENNAI","îNì‡","","sis01","2008/04/21 10:33:31","sis02","2008/04/24 16:26:59"
"NENSIKI","îNéÆ","","sis01","2008/04/21 10:33:53","sis01","2008/04/21 10:33:53"
"NENSU","îNêî","","sis01","2008/04/21 10:33:58","sis01","2008/04/21 10:33:58"
"NETEITOU","ç™íÔìñå†","","sis01","2008/04/23 14:17:17","sis01","2008/04/23 14:17:17"
"NEW","êVïi","","sis01","2008/04/21 10:34:02","sis01","2008/04/21 10:34:02"
"NIKKEIHYOU","ì˙åvï\","","fsol05","2010/10/07 19:23:39","fsol05","2010/10/07 19:23:39"
"NINI","îCà”","","sis01","2008/04/21 10:34:12","sis01","2008/04/21 10:34:12"
"NIPPOU","ì˙ïÒ","","fsol05","2010/10/07 19:23:39","fsol05","2010/10/07 19:23:39"
"NISSU","ì˙êî","","sis01","2008/04/21 10:34:18","sis01","2008/04/21 10:34:18"
"NIZYU","ìÒèd","","fsol07","2011/02/17 15:09:11","fsol07","2011/02/17 15:09:11"
"NKASYO","Çmâ”èä","","lpa01","2008/06/11 14:41:43","lpa01","2008/06/11 14:41:43"
"NM","ñºèÃ","","Administrator","2008/04/16 18:14:46","Administrator","2008/04/17 16:43:53"
"NM70","ñºèÃ70","","fsol07","2011/01/18 22:13:17","fsol07","2011/01/18 22:13:17"
"NM80","ñºèÃ80","","fsol07","2011/01/18 22:13:17","fsol07","2011/01/18 22:13:17"
"NO","ÇmÇn","","sis05","2008/06/30 18:26:38","sis05","2008/06/30 18:26:38"
"NO","î‘çÜ","","sis01","2008/04/21 10:34:46","sis01","2008/04/21 10:34:46"
"NO15","î‘çÜ15","","fsol07","2011/01/18 22:13:17","fsol07","2011/01/18 22:13:17"
"NO16","î‘çÜ16","","fsol07","2011/01/18 22:13:17","fsol07","2011/01/18 22:13:17"
"NORIKAE","èÊä∑","","fsol05","2010/10/07 19:23:39","fsol05","2010/10/07 19:23:39"
"NOUHIN","î[ïi","","sis01","2008/04/21 10:34:53","fsol10","2008/07/15 15:36:40"
"NOUHINSYO","î[ïièë","","sis02","2008/04/21 10:04:27","sis02","2008/04/21 10:04:27"
"NOUHINZI","î[ïiéû","","fsol10","2008/07/14 21:53:05","fsol10","2008/07/16 14:34:32"
"NOUKIN","î[ã‡","","sis02","2008/04/21 10:05:40","sis02","2008/04/21 10:05:40"
"NOUNYU","î[ì¸","","sis02","2008/04/21 10:06:15","sis02","2008/04/21 10:06:15"
"NOUSEIZI","î[ïiêøãÅéû","","fsol10","2008/07/15 16:12:56","fsol10","2008/07/16 14:07:21"
"NUKI","î≤","","sis02","2008/04/21 10:06:37","sis02","2008/04/21 10:06:37"
"NYUKAI","ì¸âÔ","","sis02","2008/04/21 10:07:01","sis02","2008/04/21 10:07:01"
"NYUKIN","ì¸ã‡","","sis02","2008/04/21 10:07:14","sis02","2008/04/21 10:07:14"
"NYUKO","ì¸å…","","sis02","2008/04/21 10:07:31","sis02","2008/04/21 10:07:31"
"NYUSYA","ì¸é–","","sis02","2008/04/21 10:07:41","sis02","2008/04/21 10:07:41"
"OBOEGAKI","äoèë","","sis02","2008/04/21 10:08:02","sis02","2008/04/21 10:08:02"
"OFFLINE","ÉIÉtÉâÉCÉì","","fsol05","2010/10/07 19:23:38","fsol05","2010/10/07 19:23:38"
"OKAIAGE","Ç®îÉè„Ç∞","","fsol10","2011/01/11 22:08:26","fsol10","2011/01/11 22:08:26"
"OKURIZYOU","ëóÇËèÛ","","sis02","2008/04/21 10:08:21","sis02","2008/04/21 10:08:21"
"OKUYUKI","âúçsÇ´","","fsol05","2009/03/19 15:24:23","fsol05","2009/03/19 15:24:23"
"OLD","íÜå√","","sis02","2008/04/21 10:08:34","sis02","2008/04/21 10:08:34"
"ONLINE","ÉIÉìÉâÉCÉì","","fsol05","2010/10/07 19:23:38","fsol05","2010/10/07 19:23:38"
"OROSI","âµ","","sis02","2008/04/21 10:08:47","sis02","2008/04/21 10:08:47"
"OUT","èoóÕ","","sis02","2008/04/21 10:09:01","sis02","2008/04/21 10:09:01"
"OUT","ÉAÉEÉg","","lpa01","2008/06/24 13:14:07","lpa01","2008/06/24 13:14:07"
"OYA","êe","","fsol07","2011/01/18 22:13:17","fsol07","2011/01/18 22:13:17"
"OYAKO","êeéq","","sis02","2008/04/21 10:09:24","sis02","2008/04/21 10:09:24"
"PALLET","ÉpÉåÉbÉg","","sis02","2008/04/21 10:09:40","sis02","2008/04/21 10:09:40"
"PASS","ÉpÉXÉèÅ[Éh","","sis02","2008/04/21 10:10:00","sis02","2008/04/21 10:10:00"
"PATTERN","ÉpÉbÉ^Éì","","base08","2009/04/17 17:00:16","base08","2009/04/17 17:00:16"
"PERCENT","Åì","","fsol14","2008/10/17 15:31:53","fsol14","2009/01/05 17:16:01"
"PET","ÉyÉbÉg","","sis02","2008/04/21 10:10:12","sis02","2008/04/21 10:10:12"
"PG","ÉvÉçÉOÉâÉÄ","","wt03","2008/08/08 11:33:03","wt03","2008/08/08 11:33:03"
"PG","ÇoÇf","","sis02","2008/04/24 15:25:13","sis02","2008/04/24 15:25:13"
"PLAN","åvâÊ","","sis02","2008/04/21 10:10:24","sis02","2008/04/21 10:10:24"
"POST","óXï÷","","sis02","2008/04/21 10:10:58","sis02","2008/04/21 10:10:58"
"PROOF","ÉvÉãÅ[Ét","","sis02","2008/04/21 10:11:11","sis02","2008/04/21 10:11:11"
"PRT","àÛç¸","","sis02","2008/04/21 10:11:26","sis02","2008/04/21 10:11:26"
"PST","âﬂãé","","sis02","2008/04/21 10:11:48","sis02","2008/04/21 10:11:48"
"PTN","ÉpÉ^Å[Éì","","fsol10","2008/04/22 23:06:07","fsol10","2008/04/22 23:07:09"
"RACK","ÉâÉbÉN","","sis01","2008/04/23 14:17:05","sis01","2008/04/23 14:17:05"
"RAINEN","óàîN","","fsol09","2008/10/24 20:24:57","fsol09","2008/10/24 20:24:57"
"RE","ÉåÉMÉÖÉâÅ[","","fsol14","2008/10/09 19:10:37","fsol14","2008/10/09 19:10:37"
"RE","çƒ","","sis02","2008/04/21 10:12:03","sis02","2008/04/21 10:12:03"
"REBATE","ÉäÉxÅ[Ég","","sis02","2008/04/21 10:12:21","sis02","2008/04/21 10:12:21"
"REC","ÉåÉRÅ[Éh","","sis05","2008/07/07 14:08:10","sis05","2008/07/07 14:09:21"
"REF","è∆âÔ","","sis02","2008/04/21 10:12:38","sis02","2008/04/21 10:12:38"
"REI","ó·","","fsol05","2009/03/19 15:24:23","fsol05","2009/03/19 15:24:23"
"RENBAN","òAî‘","","sis02","2008/04/21 10:12:51","sis02","2008/04/21 10:12:51"
"RENKEI","òAåg","","sis02","2008/04/21 10:13:03","sis02","2008/04/21 10:13:03"
"RENRAKU","òAóç","","fsol05","2009/03/19 15:24:23","fsol05","2009/03/19 15:24:23"
"RENTAI","òAë—","","sis02","2008/04/21 10:13:17","sis02","2008/04/21 10:13:17"
"RENTAL","ÉåÉìÉ^Éã","","sis02","2008/04/21 10:13:40","sis02","2008/04/21 10:13:40"
"RESERVE","ÉäÉUÅ[Éu","","fsol05","2010/10/07 19:23:38","fsol05","2010/10/07 19:23:38"
"RINGI","‚gãc","","fsol07","2011/01/18 22:13:17","fsol07","2011/01/18 22:13:17"
"RIRITU","óòó¶","","fsol05","2009/03/19 15:24:23","fsol05","2009/03/19 15:24:23"
"RISOKU","óòëß","","fsol07","2011/01/18 22:13:17","fsol07","2011/01/18 22:13:17"
"RITU","ó¶","","sis02","2008/04/21 10:13:52","sis02","2008/04/21 10:13:52"
"RITU3","ó¶3","","fsol07","2011/01/18 22:13:17","fsol07","2011/01/18 22:13:17"
"RIYU","óùóR","","sis02","2008/04/21 10:14:04","sis02","2008/04/21 10:14:04"
"RONRI","ò_óù","","wt01","2008/07/29 14:47:08","wt01","2008/07/29 14:47:08"
"ROUTE","ÉãÅ[Ég","","sis02","2008/04/21 10:14:26","sis02","2008/04/21 10:14:26"
"ROUTEMAN","ÉãÅ[ÉgÉ}Éì","","sis02","2008/04/21 10:14:34","sis02","2008/04/21 10:14:34"
"RUI","ó›åv","","fsol05","2009/03/19 15:24:23","fsol05","2009/03/19 15:24:23"
"RUISIN","ó›êi","","sis02","2008/04/21 10:14:47","sis02","2008/04/21 10:14:47"
"RYAKU","ó™","","sis02","2008/04/21 10:14:59","sis02","2008/04/21 10:14:59"
"RYOHI","ó∑îÔ","","fsol07","2011/01/18 22:13:17","fsol07","2011/01/18 22:13:17"
"RYOUIKI","óÃàÊ","ëÂìØñÚïiçHã∆","fsol20","2009/02/23 22:09:00","fsol20","2009/02/23 22:09:00"
"RYOUKIN","óøã‡","","fsol05","2009/03/19 15:24:23","fsol05","2009/03/19 15:24:23"
"RYOURITU","óøó¶","","sis02","2008/04/21 10:15:15","sis02","2008/04/21 10:15:15"
"RYUTU","ó¨í ","","fsol05","2010/10/07 19:23:39","fsol05","2010/10/07 19:23:39"
"S","è¨","","sis02","2008/04/21 10:15:26","sis02","2008/04/21 10:15:26"
"SAGAKU","ç∑äz","","fsol10","2011/01/04 17:18:30","fsol10","2011/01/04 17:18:30"
"SAGYOU","çÏã∆","","fsol05","2009/03/19 15:24:23","fsol05","2009/03/19 15:24:23"
"SAIBAN","çÃî‘","","sis02","2008/04/21 10:15:37","sis02","2008/04/21 10:15:37"
"SAIDAI","ç≈ëÂ","","fsol05","2009/03/19 15:24:23","fsol05","2009/03/19 15:24:23"
"SAIKEN","ç¬å†","","fsol05","2010/10/07 19:23:38","fsol05","2010/10/07 19:23:38"
"SAIMOKU","ç◊ñ⁄","","sis02","2008/04/21 10:15:49","sis02","2008/04/21 10:15:49"
"SAIMU","ç¬ñ±","","sis02","2008/04/21 10:16:01","sis02","2008/04/21 10:16:01"
"SAISEIKI","çƒê∂ã@","","sis02","2008/04/21 10:16:14","sis02","2008/04/21 10:16:14"
"SAISIN","ç≈êV","","fsol05","2009/03/19 15:24:23","fsol05","2009/03/19 15:24:23"
"SAKI","êÊ","","sis02","2008/04/21 10:17:59","sis02","2008/04/21 10:17:59"
"SAKUSEI","çÏê¨","","sis02","2008/04/21 10:18:11","sis02","2008/04/21 10:18:11"
"SANSYUTU","éZèo","","sis01","2008/04/23 14:14:55","sis01","2008/04/23 14:14:55"
"SARAINEN","çƒóàîN","","fsol09","2008/10/24 20:25:13","fsol09","2008/10/24 20:25:13"
"SASIHIKI","ç∑à¯","","sis01","2008/05/12 14:57:11","sis01","2008/05/12 14:57:11"
"SASIMODOSI","ç∑ñﬂ","","sis02","2008/04/21 10:18:22","sis02","2008/04/21 10:18:22"
"SAT","ìyój","","sis02","2008/04/21 10:18:40","sis02","2008/04/21 10:18:40"
"SCALE","ê°ñ@","","sis02","2008/04/21 10:18:52","sis02","2008/04/21 10:18:52"
"SEARCH","åüçı","","wt01","2008/06/09 11:02:50","wt01","2008/06/09 11:02:50"
"SEDAI","ê¢ë„","","fsol09","2008/04/24 14:52:30","fsol09","2008/04/24 14:52:30"
"SEG","ÉZÉOÉÅÉìÉg","","sis02","2008/04/21 10:19:02","sis02","2008/04/21 10:19:02"
"SEIBI","êÆîı","","fsol05","2009/03/19 15:24:23","fsol05","2009/03/19 15:24:23"
"SEIGYO","êßå‰","","fsol14","2008/12/24 16:32:28","fsol14","2008/12/24 16:32:28"
"SEIKYU","êøãÅ","","sis02","2008/04/21 10:19:14","sis02","2008/04/21 10:19:14"
"SEIKYUSYO","êøãÅèë","","sis02","2008/04/21 10:19:23","sis02","2008/04/21 10:19:23"
"SEIKYUZI","êøãÅéû","","fsol10","2008/07/14 21:53:48","fsol10","2008/07/16 14:38:32"
"SEISAN","ê∂éY","","fsol05","2009/03/19 15:24:23","fsol05","2009/03/19 15:24:23"
"SEIZOU","êªë¢","","sis02","2008/04/21 10:19:39","sis02","2008/04/21 10:19:39"
"SEKININ","ê”îC","","sis02","2008/04/21 10:19:51","sis02","2008/04/21 10:19:51"
"SEKININSYA","ê”îCé“","","fsol10","2008/06/17 18:50:51","fsol10","2008/06/17 18:50:51"
"SEKISAI","êœç⁄","","fsol05","2010/10/07 19:23:39","fsol05","2010/10/07 19:23:39"
"SEKISU","êœêî","","sis02","2008/04/21 10:20:03","sis02","2008/04/21 10:20:03"
"SELE","ÉZÉåÉNÉVÉáÉì","","sis02","2008/04/21 10:20:15","sis02","2008/04/21 10:20:15"
"SENI","ëJà⁄","","fsol12","2011/03/04 18:04:51","fsol12","2011/03/04 18:04:51"
"SENRYAKU","êÌó™","","sis02","2008/04/21 10:20:33","sis02","2008/04/21 10:20:33"
"SENTAKU","ëIë","","sis02","2008/07/23 15:41:35","sis02","2008/07/23 15:42:52"
"SENYOU","êÍóp","","sis02","2008/04/21 10:20:54","sis02","2008/04/21 10:20:54"
"SEQ","èáèò","","sis02","2008/04/21 10:21:09","sis02","2008/04/21 10:21:09"
"SEQ","ÉVÅ[ÉPÉìÉX","","base08","2008/12/05 16:31:21","base08","2008/12/05 16:31:21"
"SET","ÉZÉbÉg","","lpa00","2008/07/10 11:15:36","lpa00","2008/07/10 11:15:36"
"SETTEI","ê›íË","","sis02","2008/04/21 10:21:29","sis02","2008/04/21 10:21:29"
"SETTI","ê›íu","","sis02","2008/04/21 10:21:43","sis02","2008/04/21 10:21:43"
"SETTIKI","ê›íuã@","","fsol05","2009/03/19 15:24:23","fsol05","2009/03/19 15:24:23"
"SETUMEI","ê‡ñæ","","fsol05","2009/03/19 15:24:23","fsol05","2009/03/19 15:24:23"
"SEX","ê´ï ","","sis02","2008/04/21 10:21:56","sis02","2008/04/21 10:21:56"
"SHELL","ÉVÉFÉã","","lpa04","2009/10/06 13:45:19","lpa04","2009/10/06 13:45:19"
"SHN","è§ïi","","sis02","2008/04/21 10:22:38","sis01","2008/04/23 14:19:23"
"SHNDAI","è§ïië„","","fsol05","2010/10/07 19:23:39","fsol05","2010/10/07 19:23:39"
"SIEN","éxâá","","sis02","2008/04/21 10:22:51","sis02","2008/04/21 10:22:51"
"SIHA","éxï•","","sis02","2008/04/21 10:23:24","sis01","2008/04/23 14:19:41"
"SIHANKI","élîºä˙","","sis02","2008/04/21 10:23:04","sis02","2008/04/21 10:23:04"
"SIHARAININ","éxï•êl","","fsol05","2010/10/07 19:23:38","fsol05","2010/10/07 19:23:38"
"SIHASAKI","éxï•êÊ","ëÂìØñÚïiÇ≈ÇÃå¿íËégópÇ∆ÇµÅAÇ`ÇcÇrÇ≈ÇÕégópã÷é~Ç∆Ç∑ÇÈ","sis02","2008/07/01 10:46:39","fsol04","2009/04/13 14:48:38"
"SIKI","éÆ","","wt03","2008/05/20 10:38:46","wt03","2008/05/20 10:38:46"
"SIKIBETU","éØï ","","sis02","2008/04/21 10:23:36","sis02","2008/04/21 10:23:36"
"SIKIN","éëã‡","","fsol05","2010/10/07 19:23:38","fsol05","2010/10/07 19:23:38"
"SIKUTYOSON","ésãÊí¨ë∫","","sis01","2008/04/21 12:28:54","fsol09","2008/12/18 19:58:11"
"SIKYOUHIN","ééãüïi","","fsol05","2010/10/07 19:23:38","fsol05","2010/10/07 19:23:38"
"SIKYU","éxãã","","sis01","2008/04/23 14:16:30","sis01","2008/04/23 14:16:30"
"SIME","í˜","","sis01","2008/04/23 14:17:23","sis01","2008/04/23 14:17:23"
"SIMEBI","í˜ì˙","","sis02","2008/04/21 10:24:12","sis02","2008/04/21 10:24:12"
"SIMEI","éÅñº","","lpa01","2008/06/11 13:51:03","lpa01","2008/06/11 13:51:03"
"SIMEKIRI","í˜êÿ","","sis02","2008/04/21 10:24:24","sis02","2008/04/21 10:24:24"
"SIMEKYAKU","í˜ãq","","sis02","2008/04/21 10:24:36","sis02","2008/04/21 10:24:36"
"SIMUKE","édå¸","","fsol05","2010/10/07 19:23:38","fsol05","2010/10/07 19:23:38"
"SIN","êV","","fsol10","2008/11/26 13:48:27","fsol10","2008/11/26 13:48:27"
"SINKI","êVãK","","sis02","2008/04/21 10:24:50","sis02","2008/04/21 10:24:50"
"SINKO","êVå√","","sis01","2008/04/23 14:15:33","sis01","2008/04/23 14:15:33"
"SINSEI","ê\êø","","sis02","2008/04/21 10:20:44","sis02","2008/04/21 10:20:44"
"SINSEIBAKO","ê\êøî†","","fsol10","2011/01/04 19:42:54","fsol10","2011/01/04 19:42:54"
"SINSEISYO","ê\êøèë","","sis01","2008/04/23 14:15:03","sis01","2008/04/23 14:15:03"
"SIRE","édì¸","","sis02","2008/04/21 10:25:45","sis02","2008/04/21 10:25:45"
"SISAN","éëéY","","fsol05","2010/10/07 19:23:38","fsol05","2010/10/07 19:23:38"
"SISETU","é{ê›","","fsol07","2011/01/18 22:13:17","fsol07","2011/01/18 22:13:17"
"SISYUTU","éxèo","","fsol05","2010/10/07 19:23:38","fsol05","2010/10/07 19:23:38"
"SITE","ÉTÉCÉg","","sis02","2008/04/21 10:25:56","sis02","2008/04/21 10:25:56"
"SITEI","éwíË","","fsol10","2008/05/23 10:25:14","fsol10","2008/05/23 10:25:14"
"SITEN","éxìX","","sis02","2008/04/21 10:26:06","sis02","2008/04/21 10:26:06"
"SITUKEN","éøå†","","sis02","2008/04/21 10:27:25","sis02","2008/04/21 10:27:25"
"SIWAKE","édñÛ","","sis02","2008/04/21 10:27:40","sis02","2008/04/21 10:27:40"
"SIYOU","égóp","","sis02","2008/04/21 10:27:50","sis02","2008/04/21 10:27:50"
"SIYOURYOU","égópóø","","fsol07","2011/01/18 22:13:17","fsol07","2011/01/18 22:13:17"
"SIZAI","éëçﬁ","","sis02","2008/04/21 10:28:00","sis02","2008/04/21 10:28:00"
"SIZI","éwé¶","","fsol05","2008/06/24 14:43:43","fsol05","2008/06/24 14:43:43"
"SKRBT","è§ïiägîÃÉäÉxÅ[Ég","","fsol07","2011/01/18 22:13:17","fsol07","2011/01/18 22:13:17"
"SLASH","ÉXÉâÉbÉVÉÖ","","wt01","2008/07/30 18:49:00","wt01","2008/07/30 18:49:00"
"SORT","É\Å[Égóp","","fsol05","2008/08/12 21:51:09","fsol05","2008/08/12 21:51:09"
"SORT","èáî‘","","fsol10","2008/04/22 23:27:11","fsol10","2008/04/22 23:27:11"
"SOUGAKU","ëçäz","","sis02","2008/04/21 10:28:10","sis02","2008/04/21 10:28:10"
"SOUHU","ëóït","","sis02","2008/04/21 10:28:21","sis02","2008/04/21 10:28:21"
"SOUHUHYOU","ëóïtï[","","sis01","2008/04/23 14:15:53","sis01","2008/04/23 14:15:53"
"SOUI","ëäà·","","base00","2009/03/22 22:43:50","base00","2009/03/22 22:43:50"
"SOUKATU","ëçäá","","sis02","2008/04/21 10:28:46","sis02","2008/04/21 10:28:46"
"SOUKEI","ëçåv","","fsol05","2009/04/13 15:37:04","fsol05","2009/04/13 15:37:04"
"SOUKIN","ëóã‡","","sis02","2008/04/21 10:28:57","sis02","2008/04/21 10:28:57"
"SOUSA","ëÄçÏ","","lpa01","2008/04/24 17:34:12","lpa01","2008/04/24 17:34:12"
"SOUSAI","ëäéE","","sis02","2008/04/21 10:29:06","sis02","2008/04/21 10:29:06"
"SOUSIHA","ëçéxï•","","sis02","2008/07/31 16:40:05","sis02","2008/07/31 16:40:05"
"SOUSIN","ëóêM","","sis01","2008/04/23 14:16:41","sis01","2008/04/23 14:16:41"
"SPACE","ÉXÉyÅ[ÉX","","fsol05","2009/03/19 15:24:22","fsol05","2009/03/19 15:24:22"
"SPEC","édól","","sis02","2008/04/21 10:29:16","sis02","2008/04/21 10:29:16"
"SPOT","ÉXÉ|ÉbÉg","","fsol07","2011/01/18 22:13:17","fsol07","2011/01/18 22:13:17"
"START","äJén","","sis02","2008/04/21 10:29:32","sis02","2008/04/21 10:29:32"
"START","ÉXÉ^Å[Ég","","sis05","2008/07/07 15:31:46","sis05","2008/07/07 15:31:46"
"STS","èÛë‘","","sis02","2008/04/21 10:29:50","sis02","2008/04/21 10:29:50"
"SU","êî","","sis01","2008/04/23 14:16:47","sis01","2008/04/23 14:16:47"
"SUB","ÉTÉu","","sis02","2008/04/21 10:30:00","sis02","2008/04/21 10:30:00"
"SUII","êÑà⁄","","fsol05","2009/03/19 15:24:23","fsol05","2009/03/19 15:24:23"
"SUISIN","êÑêi","","sis02","2008/04/21 10:30:12","sis02","2008/04/21 10:30:12"
"SUITOU","èoî[","","fsol05","2010/10/07 19:23:39","fsol05","2010/10/07 19:23:39"
"SUMI","çœ","","sis02","2008/04/21 10:30:28","sis02","2008/04/21 10:30:28"
"SUN","ì˙ój","","sis02","2008/04/21 10:30:38","sis02","2008/04/21 10:30:38"
"SURYOU","êîó ","","sis02","2008/04/21 10:30:47","sis02","2008/04/21 10:30:47"
"SUTI","êîíl","","fsol10","2008/07/14 20:26:08","fsol10","2008/07/16 14:26:24"
"SWITCH","ÉXÉCÉbÉ`","","wt02","2008/11/18 15:30:37","wt02","2008/11/18 15:30:37"
"SYA","é“","","fsol10","2008/04/22 23:16:38","fsol10","2008/04/22 23:16:38"
"SYAGAI","é–äO","","fsol05","2010/10/07 19:23:39","fsol05","2010/10/07 19:23:39"
"SYAIN","é–àı","","sis02","2008/04/21 10:30:56","sis02","2008/04/21 10:30:56"
"SYARYOU","é‘Áq","","sis02","2008/04/21 10:31:05","sis02","2008/04/21 10:31:05"
"SYO","èä","","fsol10","2008/04/22 23:30:11","fsol10","2008/04/22 23:30:11"
"SYOBUN","èàï™","","fsol05","2009/03/19 15:24:23","fsol05","2009/03/19 15:24:23"
"SYOKAIRYOU","è–âÓóø","","lpa01","2008/06/11 14:33:31","lpa01","2008/06/11 14:33:31"
"SYOKI","èâä˙","","fsol10","2010/12/09 13:48:01","fsol10","2010/12/09 13:48:01"
"SYOKUMU","êEñ±","","fsol10","2008/07/15 11:50:44","fsol10","2008/07/15 11:50:44"
"SYORI","èàóù","","sis02","2008/04/21 10:32:09","sis02","2008/04/21 10:32:09"
"SYOSIKI","èëéÆ","","fsol07","2011/01/18 22:13:17","fsol07","2011/01/18 22:13:17"
"SYOUGAKU","è¨äz","","fsol07","2011/01/18 22:13:17","fsol07","2011/01/18 22:13:17"
"SYOUHI","è¡îÔ","","fsol05","2009/03/19 15:24:23","fsol05","2009/03/19 15:24:23"
"SYOUKEI","è¨åv","","fsol05","2009/04/14 10:01:36","fsol05","2009/04/14 10:01:36"
"SYOUKEN","è§å†","","lpa01","2008/05/26 13:28:50","lpa00","2008/07/08 15:37:12"
"SYOUKYAKU","èûãp","","fsol07","2011/01/26 09:23:28","fsol07","2011/01/26 09:23:28"
"SYOUMI","è‹ñ°","","fsol09","2009/02/06 14:20:07","fsol09","2009/02/06 14:20:07"
"SYOUNIN","è≥îF","","sis02","2008/04/21 10:32:18","sis02","2008/04/21 10:32:18"
"SYOUSAI","è⁄ç◊","","sis02","2008/04/21 10:32:27","sis02","2008/04/21 10:32:27"
"SYOUZYOU","è«èÛ","","fsol05","2009/03/19 15:24:23","fsol05","2009/03/19 15:24:23"
"SYOZAITI","èäç›ín","","fsol05","2009/03/19 15:24:23","fsol05","2009/03/19 15:24:23"
"SYOZOKU","èäëÆ","","sis02","2008/04/21 10:32:36","sis02","2008/04/21 10:32:36"
"SYSTEM","ÉVÉXÉeÉÄ","","sis02","2008/04/21 10:32:45","sis02","2008/04/21 10:32:45"
"SYU","éÂ","","fsol05","2009/04/14 09:58:22","fsol05","2009/04/14 09:58:22"
"SYUBETU","éÌï ","","sis02","2008/04/21 10:34:47","sis02","2008/04/21 10:34:47"
"SYUKAN","éÂä«","","sis02","2008/04/21 10:34:57","sis02","2008/04/21 10:34:57"
"SYUKEI","èWåv","","sis02","2008/04/21 10:35:17","sis02","2008/04/21 10:35:17"
"SYUKIN","èWã‡","","sis02","2008/04/21 10:35:29","sis02","2008/04/21 10:35:29"
"SYUKKA","èoâ◊","","sis02","2008/04/21 10:35:38","sis02","2008/04/21 10:35:38"
"SYUKKIN","èoã‡","","fsol07","2011/01/18 22:13:17","fsol07","2011/01/18 22:13:17"
"SYUKKO","èoå…","","sis02","2008/04/21 10:35:52","sis02","2008/04/21 10:35:52"
"SYUNOU","é˚î[","","fsol05","2010/10/07 19:23:39","fsol05","2010/10/07 19:23:39"
"SYUNYU","é˚ì¸","","fsol05","2010/10/07 19:23:39","fsol05","2010/10/07 19:23:39"
"SYURI","èCóù","","fsol05","2009/03/19 15:24:23","fsol05","2009/03/19 15:24:23"
"SYURUI","éÌóﬁ","","fsol05","2009/03/19 15:24:23","fsol05","2009/03/19 15:24:23"
"SYUSEI","èCê≥","","lpa02","2008/05/30 17:15:27","lpa02","2008/05/30 17:15:27"
"SYUTTYOU","èoí£","","fsol05","2009/03/19 15:24:23","fsol05","2009/03/19 15:24:23"
"SYUUN","é˚â^","","fsol05","2009/03/19 15:24:23","fsol05","2009/03/19 15:24:23"
"SYUYAKU","èWñÒ","","lpa01","2008/11/18 16:21:48","lpa01","2008/11/18 16:21:48"
"TAB","É^Éu","","fsol14","2008/12/24 16:30:25","fsol14","2008/12/24 16:30:25"
"TABUSYO","ëºïîèê","","fsol05","2010/10/07 19:23:39","fsol05","2010/10/07 19:23:39"
"TAIOU","ëŒâû","","fsol05","2009/03/19 15:24:23","fsol05","2009/03/19 15:24:23"
"TAIOUKI","ëŒâûã@","","fsol05","2009/03/19 15:24:23","fsol05","2009/03/19 15:24:23"
"TAISYA","ëﬁé–","","sis02","2008/04/21 10:36:02","sis02","2008/04/21 10:36:02"
"TAISYAKU","ë›éÿ","","fsol05","2010/10/07 19:23:39","fsol05","2010/10/07 19:23:39"
"TAISYOU","ëŒè€","","sis02","2008/04/21 10:36:12","sis02","2008/04/21 10:36:12"
"TAISYOUGAI","ëŒè€äO","

","sis05","2008/07/02 10:35:30","sis05","2008/07/02 10:35:30"
"TAKASA","çÇÇ≥","","fsol05","2009/03/19 15:24:23","fsol05","2009/03/19 15:24:23"
"TAN","íZ","","fsol05","2010/10/07 19:23:39","fsol05","2010/10/07 19:23:39"
"TANAOROSI","íIâµ","","fsol10","2008/06/17 18:14:10","fsol10","2008/06/17 18:14:10"
"TANDOKU","íPì∆","","sis02","2008/04/21 10:36:21","sis02","2008/04/21 10:36:21"
"TANI","íPà ","","sis02","2008/04/21 10:36:31","sis02","2008/04/21 10:36:31"
"TANKA","íPâø","","sis02","2008/04/21 10:36:40","sis02","2008/04/21 10:36:40"
"TANKI","íZä˙","","fsol07","2011/01/26 09:23:43","fsol07","2011/01/26 09:23:43"
"TANPIN","íPïi","","sis02","2008/04/21 10:36:50","sis02","2008/04/21 10:36:50"
"TANPO","íSï€","","sis02","2008/04/21 10:37:12","sis02","2008/04/21 10:37:12"
"TANTOU","íSìñ","","sis02","2008/04/21 10:37:23","sis02","2008/04/21 10:37:23"
"TASYA","ëºé–","","sis02","2008/04/21 10:37:33","sis02","2008/04/21 10:37:33"
"TATENE","åöíl","","fsol07","2011/01/18 22:13:17","fsol07","2011/01/18 22:13:17"
"TAX","è¡îÔê≈","","sis02","2008/04/21 10:37:43","fsol09","2008/12/16 15:52:24"
"TBL","ÉeÅ[ÉuÉã","","wt03","2008/05/20 09:58:31","wt03","2008/05/20 09:58:31"
"TC","ÇsÇb","","sis02","2008/04/21 10:37:53","sis02","2008/04/21 10:37:53"
"TEGATA","éËå`","","sis02","2008/04/21 10:38:03","sis02","2008/04/21 10:38:03"
"TEHAI","éËîz","","sis02","2008/04/21 10:38:14","sis02","2008/04/21 10:38:14"
"TEHAITYU","éËîzíÜ","","fsol05","2009/03/19 15:24:23","fsol05","2009/03/19 15:24:23"
"TEIGAKU","íËäz","","sis02","2008/04/21 10:38:25","sis02","2008/04/21 10:38:25"
"TEIGAKUHOU","íËäzñ@","","fsol05","2009/03/19 15:24:23","fsol05","2009/03/19 15:24:23"
"TEIKETU","í˜åã","","lpa01","2008/06/11 13:55:40","lpa01","2008/06/11 13:55:40"
"TEIMENSEKI","íÍñ êœ","","fsol05","2009/03/19 15:24:23","fsol05","2009/03/19 15:24:23"
"TEIRITU","íËó¶","","sis02","2008/04/21 10:38:43","sis02","2008/04/21 10:38:43"
"TEISEI","í˘ê≥","","sis02","2008/04/21 10:38:50","sis02","2008/04/21 10:38:50"
"TEISI","í‚é~","","sis02","2008/04/21 10:39:01","sis02","2008/04/21 10:39:01"
"TEIZI","íËéû","","fsol07","2011/01/18 22:13:17","fsol07","2011/01/18 22:13:17"
"TEIZIA","íËéûA","","fsol14","2008/10/10 10:11:30","fsol14","2008/10/10 10:11:30"
"TEKIYOU","ìEóv","","sis05","2008/07/04 10:24:17","sis05","2008/07/04 10:24:17"
"TEKIYOU","ìKóp","","sis02","2008/04/21 10:39:11","sis02","2008/04/21 10:39:11"
"TEKKYO","ìPãé","","sis02","2008/04/21 10:39:22","sis02","2008/04/21 10:39:22"
"TEL","ìdòb","","sis02","2008/04/21 10:39:42","sis02","2008/04/21 10:39:42"
"TEMOTI","éËéù","","fsol07","2011/01/18 22:13:17","fsol07","2011/01/18 22:13:17"
"TENPU","ìYït","","fsol07","2011/01/18 22:13:17","fsol07","2011/01/18 22:13:17"
"TENSOU","ì]ëó","","fsol05","2010/10/07 19:23:39","fsol05","2010/10/07 19:23:39"
"TENYOU","ì]óp","","sis02","2008/04/21 10:39:52","sis02","2008/04/21 10:39:52"
"TENYURYOKU","éËì¸óÕ","","sis02","2008/04/21 10:40:03","sis02","2008/04/21 10:40:03"
"TERMINAL","É^Å[É~ÉiÉã","","fsol05","2010/10/07 19:23:38","fsol05","2010/10/07 19:23:38"
"TESURYOU","éËêîóø","","sis02","2008/04/21 10:40:14","sis02","2008/04/21 10:40:14"
"TEURI","éËîÑ","","sis02","2008/04/21 10:40:24","sis02","2008/04/21 10:40:24"
"TEZYUN","éËèá","","sis02","2008/04/21 10:40:33","sis02","2008/04/21 10:40:33"
"THU","ñÿój","","sis02","2008/04/21 10:40:42","sis02","2008/04/21 10:40:42"
"TIKI","ínàÊ","","sis02","2008/04/21 10:40:52","sis02","2008/04/21 10:40:52"
"TIKU","ínãÊ","","sis02","2008/04/21 10:41:01","sis02","2008/04/21 10:41:01"
"TIMING","É^ÉCÉ~ÉìÉO","","lpa01","2008/06/11 14:54:41","lpa01","2008/06/11 14:54:41"
"TITLE","É^ÉCÉgÉã","","wt01","2008/06/09 11:03:08","wt01","2008/06/09 11:03:08"
"TM","éûä‘","","sis02","2008/04/21 10:41:11","sis02","2008/04/21 10:41:11"
"TO","ÇsÇn","","lpa00","2008/07/10 10:17:33","lpa00","2008/07/10 10:17:33"
"TODOKEDE","ìÕèo","","fsol05","2009/03/19 15:24:23","fsol05","2009/03/19 15:24:23"
"TODOUHUKEN","ìsìπï{åß","","sis02","2008/04/21 10:41:24","sis02","2008/04/21 10:41:24"
"TOK","ìæà”êÊ","","sis02","2008/04/21 10:41:41","sis02","2008/04/21 10:41:41"
"TOKHAN","ì¡îÃ","","fsol09","2008/05/01 14:27:53","fsol09","2008/05/01 14:27:53"
"TOKKI","ì¡ãL","","fsol05","2009/03/19 15:24:23","fsol05","2009/03/19 15:24:23"
"TOKUBETU","ì¡ï ","","sis01","2008/04/23 14:10:18","sis01","2008/04/23 14:10:18"
"TOKUSEI","ì¡ê´","","sis02","2008/04/21 10:41:50","sis02","2008/04/21 10:41:50"
"TOKUSYU","ì¡éÍ","","sis02","2008/04/21 10:42:04","sis02","2008/04/21 10:42:04"
"TOKUTEI","ì¡íË","","fsol05","2009/03/19 15:24:23","fsol05","2009/03/19 15:24:23"
"TOMO","óFÇÃâÔ","","sis02","2008/04/21 10:42:28","sis02","2008/04/21 10:42:28"
"TORIATUKAI","éÊàµ","","sis02","2008/04/21 10:42:40","sis02","2008/04/21 10:42:40"
"TORIHIKI","éÊà¯","","sis02","2008/04/21 10:42:51","sis02","2008/04/21 10:42:51"
"TORIKAWASI","éÊå","","fsol05","2009/03/19 15:24:23","fsol05","2009/03/19 15:24:23"
"TORIKESI","éÊè¡","","sis02","2008/04/21 10:43:02","sis02","2008/04/21 10:43:02"
"TORIKOMI","éÊçû","","fsol05","2008/08/29 13:48:36","fsol05","2008/08/29 13:48:36"
"TORIMODOSI","éÊñﬂ","","fsol09","2008/07/15 10:18:35","fsol09","2008/07/15 10:18:35"
"TOSOU","ìhëï","","fsol05","2009/03/19 15:24:23","fsol05","2009/03/19 15:24:23"
"TOTAL","ÉgÅ[É^Éã","","fsol05","2009/03/19 15:24:22","fsol05","2009/03/19 15:24:22"
"TOU","ìô","","sis05","2008/07/07 15:22:22","sis05","2008/07/07 15:22:22"
"TOUGETU","ìñåé","","sis02","2008/04/21 10:43:12","sis02","2008/04/21 10:43:12"
"TOUITU","ìùàÍ","","lpa01","2008/04/24 14:51:44","lpa01","2008/04/24 14:51:44"
"TOUKI","ìñä˙","","fsol07","2011/01/26 09:22:36","fsol07","2011/01/26 09:22:36"
"TOUROKU","ìoò^","","sis01","2008/04/23 14:16:54","sis01","2008/04/23 14:16:54"
"TOUZA","ìñç¿","","sis02","2008/04/21 10:43:21","sis02","2008/04/21 10:43:21"
"TOUZITU","ìñì˙","","fsol07","2011/01/18 22:13:17","fsol07","2011/01/18 22:13:17"
"TUE","âŒój","","sis02","2008/04/21 10:43:31","sis02","2008/04/21 10:43:31"
"TUIKA","í«â¡","","sis01","2008/04/23 14:16:59","sis01","2008/04/23 14:16:59"
"TUKI","åé","","sis02","2008/04/21 10:43:46","sis02","2008/04/21 10:43:46"
"TUKISU","åéêî","","sis02","2008/04/21 10:44:22","sis02","2008/04/21 10:44:22"
"TUMIHOSYOU","êœóßï€èÿã‡","","sis01","2008/04/21 12:29:20","sis01","2008/04/21 12:29:20"
"TUMITATE","êœóß","","sis02","2008/04/21 10:44:33","sis02","2008/04/21 10:44:33"
"TUNEN","í îN","","sis02","2008/04/21 10:45:11","sis02","2008/04/21 10:45:11"
"TURISEN","íﬁëK","","sis02","2008/04/21 10:45:20","sis02","2008/04/21 10:45:20"
"TUSIN","í êM","","sis02","2008/04/21 10:45:30","sis02","2008/04/21 10:45:30"
"TUTI","í ím","","wt03","2008/05/19 14:19:33","wt03","2008/10/06 11:53:46"
"TUTISYO","í ímèë","","sis02","2008/07/25 11:12:33","fsol05","2009/01/09 16:39:39"
"TUZYOU","í èÌ","","sis02","2008/04/21 10:45:39","sis02","2008/04/21 10:45:39"
"TYAKUTM","íÖéûä‘","","fsol07","2011/01/18 22:13:17","fsol07","2011/01/18 22:13:17"
"TYOIKI","í¨àÊ","","sis02","2008/04/21 10:45:55","sis02","2008/04/21 10:45:55"
"TYOKUHAN","íºîÃ","","sis02","2008/04/21 10:46:04","sis02","2008/04/21 10:46:04"
"TYOKUZOKU","íºëÆ","","sis02","2008/04/21 10:46:12","sis02","2008/04/21 10:46:12"
"TYOTIKU","íôí~","","sis02","2008/04/21 10:46:24","sis02","2008/04/21 10:46:24"
"TYOU","í∑","","sis02","2008/04/21 10:46:35","sis02","2008/04/21 10:46:35"
"TYOUAI","í†çá","","fsol05","2009/03/19 15:24:23","fsol05","2009/03/19 15:24:23"
"TYOUHYOU","í†ï[","","fsol07","2008/06/03 13:53:49","fsol07","2008/06/03 13:53:49"
"TYOUKA","í¥âﬂ","","fsol10","2011/01/13 18:35:29","fsol10","2011/01/13 18:35:29"
"TYOUKI","í∑ä˙","","fsol07","2011/01/18 22:13:17","fsol07","2011/01/18 22:13:17"
"TYOUSEI","í≤êÆ","","sis02","2008/04/21 10:46:44","sis02","2008/04/21 10:46:44"
"TYPE","É^ÉCÉv","","fsol12","2008/10/17 20:42:57","fsol12","2008/10/17 20:42:57"
"TYUKAI","íáâÓ","","sis02","2008/04/21 10:47:03","sis02","2008/04/21 10:52:22"
"TYUKAN","íÜä‘","","fsol05","2009/03/19 15:24:23","fsol05","2009/03/19 15:24:23"
"TYUMON","íçï∂","","fsol10","2008/07/16 10:54:36","fsol10","2008/07/16 10:54:36"
"TYUSYUTU","íäèo","","sis02","2008/04/21 10:47:54","sis02","2008/04/21 10:47:54"
"TYUTO","íÜìr","","sis02","2008/04/21 10:48:05","sis02","2008/04/21 10:48:05"
"UKEBARAI","éÛï•","","fsol10","2011/01/04 20:09:30","fsol10","2011/01/04 20:09:30"
"UKEIRE","éÛì¸","","fsol07","2011/01/18 22:13:17","fsol07","2011/01/18 22:13:17"
"UKETORI","éÛéÊ","","sis01","2008/04/23 14:15:16","sis01","2008/04/23 14:15:16"
"UKETUKE","éÛït","","fsol05","2009/03/19 15:24:23","fsol05","2009/03/19 15:24:23"
"UMU","óLñ≥","","lpa02","2008/05/28 17:38:02","lpa02","2008/05/28 17:38:02"
"UNSOU","â^ëó","","fsol05","2009/03/19 15:24:23","fsol05","2009/03/19 15:24:23"
"UPDATE","çXêV","","sis02","2008/04/21 10:48:14","wt01","2008/08/28 21:24:00"
"URAGAKI","ó†èë","","fsol05","2010/10/07 19:23:39","fsol05","2010/10/07 19:23:39"
"URI","îÑè„","","sis02","2008/04/21 10:48:23","sis02","2008/04/21 10:48:23"
"URIKAKE","îÑä|","","sis02","2008/04/21 10:48:33","sis02","2008/04/21 10:48:33"
"URIKAKEKIN","îÑä|ã‡","","sis02","2008/04/21 10:48:52","sis02","2008/04/21 10:48:52"
"URIKIRE","îÑêÿ","","sis02","2008/04/21 10:48:59","sis02","2008/04/21 10:48:59"
"URIWATASI","îÑìn","","fsol05","2009/03/19 15:24:23","fsol05","2009/03/19 15:24:23"
"UTIBAKO","ì‡î†","","sis02","2008/04/21 10:49:14","sis02","2008/04/21 10:49:14"
"UTIWAKE","ì‡ñÛ","","fsol05","2010/10/07 19:23:39","fsol05","2010/10/07 19:23:39"
"UTIZEI","ì‡ê≈","","base01","2008/11/14 11:53:58","base01","2008/11/14 11:53:58"
"VAL","íl","","wt03","2008/05/20 10:53:53","wt03","2008/05/20 10:53:53"
"VENDOR","ÉxÉìÉ_Å[","","sis02","2008/04/21 10:49:24","sis02","2008/04/21 10:49:24"
"VER","ÉoÅ[ÉWÉáÉì","","sis02","2008/04/21 10:49:39","sis02","2008/04/21 10:49:39"
"WARIHURI","äÑêU","","sis01","2008/04/23 17:45:09","sis01","2008/04/23 17:45:09"
"WARNING","ÇvÇÅÇíÇéÇâÇéÇá","","lpa04","2009/10/06 13:47:00","lpa04","2009/10/06 13:47:00"
"WED","êÖój","","sis02","2008/04/21 10:49:49","sis02","2008/04/21 10:49:49"
"WEEK","èT","","fsol09","2008/11/04 18:08:08","fsol09","2008/11/04 18:08:08"
"WEIGHT","èdó ","","sis02","2008/04/21 10:49:58","sis02","2008/04/21 10:49:58"
"WF","ÇvÇe","","sis01","2008/04/23 14:17:47","sis01","2008/04/23 14:17:47"
"YAKU","ñêE","","sis02","2008/04/21 10:50:17","sis02","2008/04/21 10:50:17"
"YEARLY","îNéü","","sis01","2008/04/21 10:47:33","sis01","2008/04/21 10:47:33"
"YEN","â~","","sis02","2008/04/21 10:50:24","sis02","2008/04/21 10:50:24"
"YH","ñÚïi","ëÂìØñÚïiçHã∆","fsol20","2009/02/04 09:37:20","fsol20","2009/02/04 09:37:20"
"YM","îNåé","","sis02","2008/04/21 10:50:33","sis02","2008/04/21 10:50:33"
"YMD","îNåéì˙","","sis02","2008/04/21 10:50:41","sis02","2008/04/21 10:50:41"
"YOBI","ó\îı","","sis02","2008/04/21 10:50:50","sis02","2008/04/21 10:50:50"
"YOBIDASI","åƒèo","","sis05","2008/06/30 18:25:32","sis05","2008/06/30 18:25:32"
"YOKIN","óaã‡","","sis02","2008/04/21 10:51:00","sis02","2008/04/21 10:51:00"
"YOKUGETU","óÇåé","","sis01","2008/04/21 10:44:21","sis01","2008/04/21 10:44:21"
"YOKUKI","óÇä˙","","sis01","2008/04/21 10:44:28","sis01","2008/04/21 10:44:28"
"YOSAN","ó\éZ","","sis01","2008/04/21 10:44:46","sis01","2008/04/21 10:44:46"
"YOSIN","ó^êM","","sis01","2008/04/21 10:44:53","sis01","2008/04/21 10:44:53"
"YOTEI","ó\íË","","sis01","2008/04/21 10:44:58","sis01","2008/04/21 10:44:58"
"YOU","óp","","sis05","2008/07/08 14:10:59","sis05","2008/07/08 14:10:59"
"YOUBI","ójì˙","","sis01","2008/04/21 10:45:03","sis01","2008/04/21 10:45:03"
"YOUKI","óeäÌ","","sis01","2008/04/21 10:45:09","sis01","2008/04/21 10:45:09"
"YOURYOU","óeó ","","sis01","2008/04/23 14:17:42","sis01","2008/04/23 14:17:42"
"YOUSI","ópéÜ","","fsol07","2011/01/18 22:13:17","fsol07","2011/01/18 22:13:17"
"YOUSIKI","óléÆ","","fsol05","2009/03/19 15:24:23","fsol05","2009/03/19 15:24:23"
"YOUTO","ópìr","","fsol07","2011/01/18 22:13:17","fsol07","2011/01/18 22:13:17"
"YOYAKU","ó\ñÒ","","fsol05","2010/10/07 19:23:39","fsol05","2010/10/07 19:23:39"
"YOZYOU","ó]èË","","sis01","2008/04/21 10:45:14","sis01","2008/04/21 10:45:14"
"YUKOU","óLå¯","","sis01","2008/04/23 14:11:41","sis01","2008/04/23 14:11:41"
"YUSEN","óDêÊ","","base08","2008/12/08 10:04:25","base08","2008/12/08 10:04:25"
"YUSYOU","óLèû","","sis01","2008/04/21 10:45:19","sis01","2008/04/21 10:45:19"
"ZAN","éc","","sis01","2008/04/21 10:45:26","sis01","2008/04/21 10:45:26"
"ZAN12","écçÇ12","","fsol05","2010/10/07 19:23:38","fsol05","2010/10/07 19:23:38"
"ZANDAKA","écçÇ","","sis01","2008/05/12 14:57:37","sis01","2008/05/12 14:57:37"
"ZANSAI","écç¬","","sis01","2008/04/21 10:45:31","sis01","2008/04/21 10:45:31"
"ZEI","ê≈","","sis05","2008/07/07 16:25:46","sis05","2008/07/07 16:25:46"
"ZEIKOMI","ê≈çû","","fsol05","2009/03/19 15:24:23","fsol05","2009/03/19 15:24:23"
"ZEINUKI","ê≈î≤","","fsol05","2010/10/07 19:23:39","fsol05","2010/10/07 19:23:39"
"ZENGETU","ëOåé","","sis01","2008/04/21 10:45:36","sis01","2008/04/21 10:45:36"
"ZENKAI","ëOâÒ","","sis01","2008/04/21 10:45:41","sis01","2008/04/21 10:45:41"
"ZENKI","ëOä˙","","sis01","2008/04/21 10:45:49","sis01","2008/04/21 10:45:49"
"ZENSYA","ëSé–","","sis01","2008/04/21 10:45:54","sis01","2008/04/21 10:45:54"
"ZENZITU","ëOì˙","","fsol07","2011/01/18 22:13:17","fsol07","2011/01/18 22:13:17"
"ZI","éû","","lpa01","2008/05/30 17:27:44","lpa01","2008/08/26 12:38:58"
"ZIBUSYO","é©ïîèê","","fsol05","2010/10/07 19:23:39","fsol05","2010/10/07 19:23:39"
"ZIDOU","é©ìÆ","","sis01","2008/04/23 14:15:44","sis01","2008/04/23 14:15:44"
"ZIGYOUBU","éñã∆ïî","","sis01","2008/04/21 10:46:00","sis01","2008/04/21 10:46:00"
"ZIHANKI","é©îÃã@","","sis01","2008/04/21 10:46:05","sis01","2008/04/21 10:46:05"
"ZIKAI","éüâÒ","","sis01","2008/04/21 10:46:11","sis01","2008/04/21 10:46:11"
"ZIKKOU","é¿çs","","base00","2008/11/20 20:18:25","fsol05","2009/01/09 15:35:14"
"ZIKO","éñåÃ","","fsol05","2009/03/19 15:24:23","fsol05","2009/03/19 15:24:23"
"ZIKOKU","éûçè","","fsol05","2009/03/19 15:24:23","fsol05","2009/03/19 15:24:23"
"ZIKOU","éñçÄ","","fsol05","2009/03/19 15:24:23","fsol05","2009/03/19 15:24:23"
"ZIMU","éññ±","","lpa01","2008/04/24 15:36:31","lpa01","2008/08/26 12:21:09"
"ZINZI","êléñ","","fsol10","2008/04/22 09:35:23","sis01","2008/04/23 14:21:41"
"ZISSEKI","é¿ê—","","sis01","2008/04/21 10:46:18","sis01","2008/04/21 10:46:18"
"ZISYA","é©é–","","sis01","2008/04/21 10:46:25","sis01","2008/04/21 10:46:25"
"ZITEN","éûì_","","fsol05","2010/10/07 19:23:38","fsol05","2010/10/07 19:23:38"
"ZITU","é¿","","base01","2008/11/20 21:09:39","base00","2009/01/09 17:35:19"
"ZITUKADOU","é¿â“ì≠","","sis01","2008/04/22 11:20:10","sis01","2008/04/23 17:46:02"
"ZUIZI","êèéû","","fsol07","2011/01/18 22:13:17","fsol07","2011/01/18 22:13:17"
"ZYOGAI","èúäO","","fsol05","2010/10/07 19:23:39","fsol05","2010/10/07 19:23:39"
"ZYOKYO","èúãé","","base01","2008/11/10 16:37:58","base01","2008/11/10 16:37:58"
"ZYOUGEN","è„å¿","","sis01","2008/04/21 10:46:35","sis01","2008/04/21 10:46:35"
"ZYOUI","è„à ","","sis01","2008/04/21 10:46:40","sis01","2008/04/21 10:46:40"
"ZYOUKEN","èåè","","sis01","2008/04/21 10:46:45","sis01","2008/04/21 10:46:45"
"ZYOUKYOU","èÛãµ","","sis02","2008/06/30 14:42:09","sis02","2008/06/30 14:42:09"
"ZYUKI","èYäÌ","","fsol05","2009/03/19 15:24:23","fsol05","2009/03/19 15:24:23"
"ZYURI","éÛóù","","fsol05","2009/03/19 15:24:23","fsol05","2009/03/19 15:24:23"
"ZYURYOU","éÛóÃ","","sis01","2008/04/21 10:46:49","sis01","2008/04/21 10:46:49"
"ZYUSYO","èZèä","","sis01","2008/04/21 10:46:54","sis01","2008/04/21 10:46:54"
"ZYUSYO1","èZèäÇP","","sis01","2008/04/21 10:46:58","sis01","2008/04/21 10:46:58"
"ZYUSYO2","èZèäÇQ","","sis01","2008/04/21 10:47:04","sis01","2008/04/21 10:47:04"
"ZYUSYO3","èZèäÇR","","fsol09","2008/05/09 08:11:16","fsol09","2008/05/09 08:11:16"
"ZYUTYU","éÛíç","","fsol03","2008/04/17 12:59:38","fsol03","2008/04/17 12:59:38"
