コンデションID,コンディション名称,固定表示位置,固定表示値,固定値標題,備考,登録担当者,登録日付,更新担当者,更新時間
"COD_TYUSYUTU_ZYOUKEN_KBN02","抽出条件区分02","0","","","","fsol09","2011/03/23 17:56:18","fsol09","2011/03/23 17:56:18"
"COD_AITESAKI_KBN01","相手先区分01","1"," "," ","","fsol05","2009/03/23 20:12:58","fsol14","2009/12/02 14:16:50"
"COD_AITESAKI_KBN02","相手先区分02","0","","","","fsol05","2009/03/23 20:12:58","fsol14","2009/12/02 14:17:21"
"COD_AKIKOUZA_SRH_KBN01","空き口座検索区分01","0","","","","fsol10","2011/01/06 22:40:34","fsol10","2011/01/06 22:40:34"
"COD_ALL_OUT_KBN01","全出力区分01","0","","","","fsol10","2011/01/06 22:40:34","fsol10","2011/01/06 22:40:34"
"COD_ANZEN_SETTI_KBN01","安全設置区分01","0","","","","fsol14","2010/08/03 10:17:20","fsol14","2010/08/03 10:17:20"
"COD_ANZEN_SETTI_KBN02","安全設置区分02","0","","","","fsol05","2009/09/03 12:50:26","fsol14","2009/12/02 14:17:42"
"COD_BAIKA_SETTEI_KBN01","売価設定区分01","1"," "," ","","lpa00","2008/07/08 10:55:25","fsol14","2009/12/02 14:17:54"
"COD_BUHIN_SYURUI_CD01","部品種類コード01","1"," ","","","fsol05","2009/03/23 20:12:58","fsol14","2009/12/02 14:18:05"
"COD_BUSYO_KBN01","部署区分01","1"," ","","","fsol07","2009/10/19 09:04:20","fsol14","2009/12/02 14:18:15"
"COD_CALC_ZYOUKEN_KBN01","計算条件区分01","0","","","","fsol07","2011/02/17 11:08:53","fsol07","2011/02/17 11:08:53"
"COD_CARD_HENKIN_KBN01","カード返金区分01","0","","","","fsol10","2011/01/06 22:40:34","fsol10","2011/01/06 22:40:34"
"COD_CHAIN_KBN01","チェーン区分01","0","","","","fsol07","2011/01/26 13:44:42","fsol07","2011/01/26 13:45:08"
"COD_CHANNEL_BUNRUI01","チャネル分類01","1"," "," ","","fsol10","2011/01/06 22:40:34","fsol10","2011/01/06 22:59:59"
"COD_CHANNEL_BUNRUI02","チャネル分類02","0","","","","fsol10","2011/01/06 22:40:34","fsol10","2011/01/06 22:40:34"
"COD_CHANNEL_KBN01","チャネル区分01","1"," "," ","","lpa01","2008/05/01 18:37:49","fsol14","2009/12/02 14:18:23"
"COD_CHANNEL_KBN02","チャネル区分02","1"," "," ","","lpa00","2008/07/08 11:10:05","fsol14","2009/12/02 14:39:49"
"COD_CHANNEL_KBN03","チャネル区分03","1"," ","全て","","lpa02","2008/12/19 18:33:58","fsol14","2009/12/02 14:39:57"
"COD_CHANNEL_KBN04","チャネル区分04","1"," "," ","","fsol05","2009/03/23 20:12:58","fsol14","2009/12/02 14:40:06"
"COD_CHECK_KBN01","チェック区分01","0","","","","lpa04","2009/10/06 15:51:47","fsol14","2009/12/02 14:40:16"
"COD_COMMON_KBN","共通区分","0","","","","base02","2009/01/22 22:21:11","base10","2009/01/23 10:52:47"
"COD_CS_BARA_KBN01","ケース／バラ区分01","0","","","","lpa01","2008/08/18 20:28:02","fsol14","2009/12/02 14:41:20"
"COD_CS_HATARI_KBN01","ケース本当り区分01","0","","","","fsol07","2011/02/17 11:12:31","fsol07","2011/02/17 11:12:31"
"COD_DAIKOU_DATA_KBN01","代行管理データ連携区分01","0","","","","sis05","2008/07/10 14:03:35","fsol14","2009/12/02 14:41:31"
"COD_DAIKOU_REC_KBN01","代行管理レコード区分01","0","","","","sis05","2008/07/10 15:14:42","fsol14","2009/12/02 14:41:39"
"COD_DAIKOU_TOUROKU_KBN01","代行管理データ登録区分01","0","","","","sis05","2008/07/04 11:10:15","fsol14","2009/12/02 14:43:24"
"COD_DEL_KBN01","削除区分01","0","","","","lpa00","2008/07/11 13:00:14","fsol14","2009/12/02 14:43:51"
"COD_DENPYOU_HAKKOU_KBN01","伝票発行区分01","0","","","","lpa01","2008/08/18 20:26:07","fsol14","2009/12/02 14:44:00"
"COD_EIGYOUKEN_KBN01","営業権区分01","1"," "," ","","lpa00","2008/07/08 11:18:38","fsol14","2009/12/02 14:44:24"
"COD_END_KBN01","終了区分01","0","","","","fsol05","2009/03/23 20:12:58","fsol14","2009/12/02 14:11:24"
"COD_FO_AZUKARI_KANRI_KBN01","フルオペ預り金管理区分01","0","","","","fsol10","2011/01/06 22:40:34","fsol10","2011/01/06 22:40:34"
"COD_FO_AZUKARI_OUT_KBN01","フルオペ預り金管理票出力区分01","0","","","","fsol10","2011/01/06 22:40:34","fsol10","2011/01/06 22:40:34"
"COD_FO_SINSEI_KBN01","申請区分01","0","","","","base08","2008/12/11 11:12:03","fsol14","2009/12/02 14:44:45"
"COD_FO_SINSEI_KBN02","申請区分02","0","","","","sis05","2008/07/10 14:46:42","fsol14","2009/12/02 14:44:54"
"COD_FO_SINSEI_KBN03","申請区分03","0","","","","lpa00","2011/03/09 15:13:08","lpa00","2011/03/09 15:13:08"
"COD_HAITA_ZYOUKENN01","排他条件区分01","1"," ","","","wt03","2008/05/20 10:58:41","fsol14","2009/12/02 15:33:44"
"COD_HAKKOU_KBN01","発行区分01","0","","","","lpa01","2008/08/18 20:35:13","fsol14","2009/12/02 14:45:23"
"COD_HASSOU_SYORI_KBN01","発送処理区分01","0","","","","sis05","2008/07/10 14:32:14","fsol14","2009/12/02 14:45:32"
"COD_HENKOU_KBN01","変更区分01","0","","","","fsol14","2008/10/09 14:34:17","fsol14","2009/12/02 14:45:45"
"COD_HIYOU_HUTAN_KBN01","費用負担区分01","0","","","","fsol10","2011/01/06 22:40:34","fsol10","2011/01/06 22:40:34"
"COD_HOUKOKU_ZYOUKYOU01","売上報告書状況区分01","1"," ","全て","","sis05","2008/07/01 13:18:36","fsol14","2009/12/02 14:45:54"
"COD_HOUKOKUSYO_KBN01","報告書区分01","0","","","","fsol12","2011/02/22 11:44:59","fsol12","2011/02/24 21:34:49"
"COD_HUNOU_RIYU_KBN01","不能理由区分01","0","","","","fsol10","2011/01/06 22:40:33","fsol10","2011/01/06 22:40:34"
"COD_HURI_TESURYOU_KBN01","振込手数料区分01","1"," ","","","lpa00","2008/07/08 11:05:20","fsol14","2009/12/02 14:47:16"
"COD_HURI_TESURYOU_KBN02","振込手数料区分02","1"," ","","","fsol07","2011/02/24 22:06:57","fsol07","2011/02/24 22:09:03"
"COD_HURISITEIYOUSI_KBN01","振込指定用紙区分01","0","","","","fsol07","2011/01/26 14:13:52","fsol07","2011/01/26 14:13:52"
"COD_HUTAN_BUSYO_KBN01","負担部署区分01","0","","","","fsol07","2011/01/26 16:05:14","fsol07","2011/01/26 16:05:14"
"COD_HUTAN_BUSYO_TOK_KBN01","負担部署得意先区分01","0","","","","fsol07","2011/01/26 15:58:14","fsol07","2011/01/26 15:58:14"
"COD_HUTAN_KBN01","負担区分01","1"," "," ","","fsol05","2009/03/23 20:12:58","fsol05","2009/03/23 20:19:52"
"COD_HUTAN_KBN02","負担区分02","1"," "," ","","fsol05","2009/03/23 20:12:58","fsol05","2009/03/24 11:25:53"
"COD_HUTAN_KBN03","負担区分03","1"," "," ","","fsol05","2009/03/23 20:12:58","fsol05","2009/03/24 11:26:06"
"COD_HUTAN_KBN04","負担区分04","1"," "," ","","fsol05","2009/03/23 20:12:58","fsol05","2009/03/24 11:26:19"
"COD_HUTAN_KBN05","負担区分05","1"," "," ","","fsol05","2009/03/23 20:12:58","fsol05","2009/03/24 11:26:29"
"COD_HYOUZI_KBN01","表示区分01","0","","","","fsol07","2011/01/26 14:47:41","fsol07","2011/01/26 14:47:41"
"COD_INFO_KBN01","情報区分01","0","","","","lpa01","2008/08/19 15:52:08","fsol14","2009/12/02 14:48:19"
"COD_INSATU_TAISYO01","印刷対象01","0","","","","fsol05","2009/03/23 20:12:58","fsol14","2009/12/02 14:48:41"
"COD_KAGISYOZAI_KBN01","カギ所在地区分01","0","","","","fsol05","2009/03/23 20:12:58","fsol05","2009/03/23 20:14:10"
"COD_KAIIN_UMU_KBN01","会員番号有無区分01","0","","","","base07","2009/05/07 18:28:48","fsol14","2009/12/02 14:49:37"
"COD_KAISOUSITEI_KBN01","回送先指定区分01","1"," ","選択なし","","fsol09","2008/07/15 16:45:15","fsol14","2009/12/02 15:32:41"
"COD_KAISYA_KBN01","会社区分01","0","","","","fsol09","2008/05/02 09:15:22","fsol14","2009/12/02 14:49:48"
"COD_KAISYU_CYCLE_KBN01","回収サイクル区分01","1"," "," ","","lpa00","2008/07/08 11:23:32","fsol14","2009/12/02 14:51:10"
"COD_KAISYU_CYCLE_KBN02","回収サイクル区分02","0","","","","fsol10","2011/01/06 22:40:34","fsol10","2011/01/06 22:40:34"
"COD_KAISYU_HOUHOU_KBN01","回収方法区分01","0","","","","lpa01","2008/08/18 20:41:24","fsol14","2009/12/02 14:51:19"
"COD_KAISYU_HOUHOU_KBN02","回収方法区分02","0","","","","fsol10","2011/01/06 22:40:34","fsol10","2011/01/20 16:23:40"
"COD_KAIYAKU_RIYU_KBN01","解約理由区分01","1"," ","未設定","","fsol05","2009/03/23 20:12:58","fsol14","2009/12/02 14:51:34"
"COD_KANRI_HYOU_NO_KBN01","管理票番号区分01","0","","","","fsol05","2009/03/23 20:12:58","fsol14","2009/12/02 14:51:42"
"COD_KANRI_KBN01","管理区分01","0","","","","lpa01","2008/08/18 20:21:38","fsol14","2009/12/02 14:51:52"
"COD_KEIHI_HAIHU_KBN01","経費配賦方法区分01","1"," ","なし","","fsol07","2011/02/17 11:07:49","fsol07","2011/02/17 11:07:49"
"COD_KEIHI_KOUZA_KBN01","経費口座区分01","0","","","","fsol10","2011/01/06 22:40:34","fsol10","2011/01/06 22:40:34"
"COD_KEIRI_TOKUSYU_KBN01","経理用特殊区分01","0","","","","fsol10","2011/01/17 13:48:29","fsol10","2011/01/17 13:48:29"
"COD_KEISYO_NEW_KBN01","契約書新規区分01","0","","","","lpa00","2008/07/11 12:56:39","fsol14","2009/12/02 14:52:25"
"COD_KEISYO_SOUHU_KBN01","契約書送付区分01","0","","","","lpa00","2008/07/08 11:13:08","fsol14","2009/12/02 14:52:32"
"COD_KEISYO_STS_KBN01","契約書状態区分01","0","","","","lpa00","2008/07/08 11:14:51","fsol14","2009/12/02 14:52:41"
"COD_KEISYO_ZYURYOU_KBN01","契約書受領区分01","0","","","","lpa00","2008/07/08 11:12:00","fsol14","2009/12/02 14:52:59"
"COD_KEISYO_ZYURYOU_KBN02","契約書受領区分02","0","","","","lpa03","2009/02/03 13:48:21","fsol14","2009/12/02 14:53:09"
"COD_KEIYAKU_SOUHU_KBN01","契約送付区分01","1"," ","","","fsol05","2009/08/13 13:52:16","fsol14","2009/12/02 14:53:17"
"COD_KEIYAKU_TEIKETU_KBN01","契約締結区分01","0","","","","lpa00","2008/07/08 11:19:32","fsol14","2009/12/02 14:53:25"
"COD_KEIYAKU_ZYOUKEN_KBN01","契約条件区分01","1"," ","全て","","fsol05","2009/03/23 20:12:58","fsol14","2009/12/02 14:53:34"
"COD_KEIYAKU_ZYOUKEN_KBN02","契約条件区分02","0","","","","fsol05","2009/03/23 20:12:58","fsol14","2009/12/02 14:53:43"
"COD_KEIYAKU_ZYOUKEN_KBN03","契約条件区分03","1"," "," ","","fsol05","2009/03/23 20:12:58","fsol14","2009/12/02 14:53:51"
"COD_KEIYAKU_ZYOUKEN_KBN04","契約条件区分04","1"," "," ","","fsol05","2009/03/23 20:12:58","fsol14","2009/12/02 14:53:59"
"COD_KEIYAKU_ZYOUKEN_KBN06","契約条件区分06","0","","","","fsol05","2009/03/23 20:12:58","fsol14","2009/12/02 14:54:09"
"COD_KOGITTE_TEGATA_KBN01","小切手手形区分01","0","","","","fsol10","2011/01/06 22:40:34","fsol10","2011/01/06 22:40:34"
"COD_KOUIKI_BIKOU_KBN01","広域企業備考区分01","0","","","","lpa00","2008/07/11 12:59:13","fsol14","2009/12/02 14:54:17"
"COD_KOUIKI_KINOU_KBN01","広域企業機能分類区分01","0","","","","lpa00","2008/07/11 12:57:58","fsol14","2009/12/02 14:54:25"
"COD_KOUKAI_KBN01","公開区分01","0","","","","lpa00","2008/07/08 11:27:23","fsol14","2009/12/02 14:54:42"
"COD_KOUZA_SRH_KBN01","口座検索区分01","0","","","","fsol10","2011/01/06 22:40:33","fsol10","2011/01/06 22:40:34"
"COD_KOUZA_SYUBETU_KBN01","口座種別区分01","1"," ","","","lpa00","2008/07/08 11:03:46","fsol14","2009/12/02 14:55:25"
"COD_KOUZA_SYUKAN_KBN01","口座主管区分01","0","","","","lpa00","2008/07/08 11:29:32","fsol14","2009/12/02 14:55:35"
"COD_KOUZA_SYUKAN_KBN02","口座主管区分02","0","","","","fsol10","2011/01/06 22:40:33","fsol10","2011/01/06 22:40:34"
"COD_KOUZA_SYUKAN_KBN03","口座主管区分03","0","","","","fsol10","2011/01/06 22:40:33","fsol10","2011/01/06 22:40:34"
"COD_KURIKOSI_KBN01","繰越区分01","0","","","","sis05","2008/07/10 15:26:59","fsol14","2009/12/02 14:55:45"
"COD_KYOUTEISYO_ERR_KBN01","協定書エラー区分01","0","","","","base00","2009/01/27 17:42:59","fsol14","2009/12/02 14:55:55"
"COD_LEASE_UMU_KBN01","リース有無区分01","0","","","","fsol05","2009/03/23 20:12:58","fsol14","2009/12/02 14:56:04"
"COD_MASTER_SYUBETU_KBN01","マスタ種別区分01","0","","","","fsol07","2011/02/01 18:48:17","fsol07","2011/02/01 18:48:17"
"COD_MATCH_ZYOUKEN01","条件式区分01","0","","","","wt03","2008/05/20 10:48:28","wt01","2008/07/28 19:44:12"
"COD_MI_KAISYU_KIN_KBN01","未回収金額区分01","0","","","","fsol10","2011/01/06 22:40:33","fsol10","2011/01/06 22:40:34"
"COD_MI_SYURI_RIYU_KBN01","未修理理由区分01","0","","","","fsol05","2009/03/23 20:12:58","fsol14","2009/12/02 14:56:16"
"COD_MODOSIIRE_SYORI_KBN01","戻入処理区分01","0","","","","fsol07","2011/01/26 14:20:25","fsol07","2011/01/26 14:20:25"
"COD_NEBIKI_MARUME_KBN01","値引丸め区分01","0","","","","fsol10","2011/01/06 22:40:34","fsol10","2011/01/06 22:40:34"
"COD_NEBIKI_ZYOUKEN_KBN01","値引計算条件区分01","0","","","","fsol07","2011/02/01 18:45:48","fsol07","2011/02/01 18:45:48"
"COD_NEW_OLD_KBN01","新品中古区分01","1"," ","全て","","lpa00","2008/07/08 11:09:00","fsol14","2009/12/02 14:56:25"
"COD_NIPPOU_SYUBETU_KBN01","日報種別区分01","0","","","","fsol10","2011/01/06 22:40:34","fsol10","2011/01/06 22:40:34"
"COD_OB_MEI_KANRI_KBN01","覚書明細管理区分01","0","","","","fsol07","2011/02/17 11:36:50","fsol07","2011/02/17 11:36:50"
"COD_OB_MEI_KBN01","覚書明細区分01","0","","","","fsol07","2011/02/17 11:30:00","fsol07","2011/02/17 11:30:00"
"COD_OB_SIHA_HOUHOU_KBN01","覚書支払方法区分01","0","","","","fsol07","2011/02/17 11:28:45","fsol07","2011/02/17 11:28:45"
"COD_OB_SIHA_ZYOUKEN_KBN01","覚書支払条件区分01","0","","","","fsol07","2011/02/17 13:10:07","fsol07","2011/02/17 13:10:07"
"COD_OB_SYOSIKI_KBN01","覚書書式区分01","0","","","","fsol07","2011/02/17 11:33:11","fsol07","2011/02/17 11:33:11"
"COD_OB_TOUROKU_SAKI_KBN01","覚書登録先区分01","0","","","","fsol07","2011/02/17 11:32:07","fsol07","2011/02/17 11:32:07"
"COD_OROSI_MATTAN01","卸末端条件01","1"," "," ","","fsol05","2009/03/23 20:12:58","fsol14","2009/12/02 14:56:35"
"COD_OUT_KBN01","出力区分01","0","","","","lpa01","2008/08/18 20:43:51","fsol14","2009/12/02 14:56:45"
"COD_OUT_KBN02","出力区分02","0","","","","fsol05","2009/03/23 20:12:58","fsol14","2009/12/02 14:56:56"
"COD_OUT_SORT_KBN01","出力順番区分01","0","","","","fsol10","2011/01/06 22:40:34","fsol10","2011/01/13 16:48:13"
"COD_OUT_STS_KBN01","出力状態区分01","1"," ","全て","","sis05","2008/07/01 13:28:36","fsol14","2009/12/02 14:57:05"
"COD_OUT_ZYOUKEN_KBN01","出力条件区分01","0","","","","fsol05","2009/03/23 20:12:58","fsol14","2009/12/02 14:57:13"
"COD_OUT_ZYOUKEN_KBN02","出力条件区分02","0","","","","fsol10","2011/01/06 22:40:34","fsol10","2011/01/06 22:40:34"
"COD_OYAKO_CALC_HOU_KBN01","親子計算方法区分01","1"," ","","","lpa01","2008/08/18 20:30:36","fsol14","2009/12/02 14:57:24"
"COD_PRT_TEHAI_KBN01","印刷手配区分01","1"," ","全て","","fsol05","2009/03/23 20:12:58","fsol14","2009/12/02 14:57:37"
"COD_RENKEI_SYORI_KBN01","連携処理区分01","0","","","","lpa00","2008/07/11 16:13:39","fsol14","2009/12/02 14:57:46"
"COD_RYOHI_SYUBETU01","旅費種別01","0","","","","fsol07","2011/01/26 14:22:19","fsol07","2011/01/26 14:22:19"
"COD_SEIBI_NAIYOU_KBN01","整備内容区分01","0","","","","fsol05","2009/06/12 18:03:12","fsol14","2009/12/02 14:57:59"
"COD_SEIBI_ZYOUKYOU_KBN01","整備状況区分01","1"," ","全て","","fsol05","2009/04/15 17:47:06","fsol14","2009/12/02 14:59:05"
"COD_SEIBI_ZYOUKYOU_KBN02","整備状況区分02","1"," ","全て","","fsol05","2009/04/15 17:47:06","fsol14","2009/12/02 14:59:29"
"COD_SEIKYU_HAKKOU_KBN01","請求書発行区分01","1"," "," ","","lpa00","2008/07/08 11:25:26","fsol14","2009/12/02 14:59:59"
"COD_SEIKYU_HAKKOU_KBN02","請求書発行区分02","0","","","","fsol10","2011/01/06 22:40:34","fsol10","2011/01/06 22:40:34"
"COD_SEIKYU_HAKKOU_KBN03","請求書発行区分03","0","","","","fsol10","2011/01/06 22:40:34","fsol10","2011/01/06 22:40:34"
"COD_SEIKYU_KAKUTEI_KBN01","請求確定区分01","1"," ","全て","大同薬品工業","fsol20","2009/02/09 11:04:06","fsol14","2009/12/02 15:00:08"
"COD_SEIKYU_KAKUTEI_KBN02","請求確定区分02","0","","","大同薬品工業","fsol20","2009/03/24 16:44:05","fsol14","2009/12/02 15:00:17"
"COD_SEIKYU_SIHA_KBN01","請求支払区分01","1"," ","","","lpa01","2008/05/01 19:06:59","fsol14","2009/12/02 15:00:26"
"COD_SEIKYUSYO_KBN01","請求書区分01","1"," ","全て","","fsol05","2009/03/23 20:12:58","fsol14","2009/12/02 15:00:36"
"COD_SEIKYUSYO_KBN02","請求書区分02","1"," ","全て（プレビューなし）","","fsol05","2009/03/23 20:12:58","fsol14","2009/12/02 15:00:45"
"COD_SETTI_HIKIAGE_KBN01","設置引上区分01","0","","","","fsol05","2009/03/23 20:12:58","fsol14","2009/12/02 15:00:54"
"COD_SETTI_KBN01","設置区分01","0","","","","fsol05","2009/03/23 20:12:58","fsol14","2009/12/02 15:01:02"
"COD_SETTI_KBN02","設置区分02","1"," "," ","","fsol05","2009/03/23 20:12:58","fsol14","2009/12/02 15:01:09"
"COD_SETTI_KBN03","設置区分03","0","","","","fsol05","2009/03/23 20:12:58","fsol14","2009/12/02 15:01:18"
"COD_SETTI_KBN04","設置区分04","1"," "," ","","fsol05","2009/03/23 20:12:58","fsol14","2009/12/02 15:01:26"
"COD_SETTI_KBN05","設置区分05","0","","","","fsol05","2009/03/23 20:12:58","fsol14","2009/12/02 15:10:53"
"COD_SETTI_KBN06","設置区分06","0","","","","fsol05","2009/03/23 20:12:58","fsol14","2009/12/02 15:11:01"
"COD_SETTI_KBN07","設置区分07","1"," ","全て","","fsol05","2009/03/23 20:12:58","fsol14","2009/12/02 15:11:49"
"COD_SETTI_KBN08","設置区分08","1"," "," ","","fsol05","2009/03/23 20:12:58","fsol14","2009/12/02 15:12:29"
"COD_SETTI_KBN09","設置区分09","0","","","","fsol05","2009/04/15 17:47:06","fsol14","2009/12/02 15:12:39"
"COD_SETTI_TEHAI_KBN01","設置手配区分01","0","","","","fsol05","2009/03/23 20:12:58","fsol14","2009/12/02 14:01:12"
"COD_SETTI_TEHAI_KBN02","設置手配区分02","0","","","","fsol05","2009/04/15 17:47:06","fsol14","2009/12/02 15:13:29"
"COD_SETTI_ZYOUKYOU_KBN01","設置状況区分01","1"," ","全て","","fsol05","2009/03/23 20:12:58","fsol05","2010/01/19 15:11:43"
"COD_SETTI_ZYOUKYOU_KBN02","設置状況区分02","1"," ","全て","","fsol05","2009/03/23 20:12:58","fsol05","2010/01/19 15:12:58"
"COD_SHN_HANSOKU_KBN01","商品販促区分01","0","","","","fsol10","2011/01/06 22:40:34","fsol10","2011/01/06 22:40:34"
"COD_SHN_HANSOKU_KBN02","商品販促区分02","0","","","","fsol10","2011/01/13 16:52:25","fsol10","2011/01/13 16:52:25"
"COD_SIHA_ANNAI_OUT_KBN01","支払案内書出力区分01","1"," ","全て","","sis05","2008/07/04 16:51:34","fsol14","2009/12/02 15:14:00"
"COD_SIHA_ANNAISYO_KBN01","支払案内書送付区分01","1"," "," ","","lpa00","2008/07/08 11:07:05","fsol14","2009/12/02 15:14:17"
"COD_SIHA_CYCLE_KBN01","支払サイクル区分01","1"," "," ","","lpa00","2008/07/08 11:00:58","sis06","2011/02/10 10:54:50"
"COD_SIHA_INFO_KBN01","支払先情報区分01","0","","","","fsol07","2011/02/17 11:44:49","fsol07","2011/02/17 11:44:49"
"COD_SIHA_MEI_SITEI_KBN01","支払明細指定区分01","0","","","","fsol05","2009/03/23 20:12:58","fsol14","2009/12/02 15:14:41"
"COD_SIHA_PTN01","支払パターン01","0","","","","fsol07","2011/01/26 13:54:50","fsol07","2011/02/24 22:08:19"
"COD_SIHA_SAKI_SYORI_KBN01","支払先処理区分01","0","","","","lpa02","2008/12/19 18:08:06","fsol14","2009/12/02 15:14:50"
"COD_SIHA_TIMING_KBN01","支払タイミング区分01","1"," "," ","","lpa00","2008/07/08 11:28:38","fsol14","2009/12/02 15:14:57"
"COD_SIHA_TIMING_KBN02","支払タイミング区分02","1"," "," ","","fsol07","2011/02/17 11:49:02","fsol07","2011/02/17 11:49:02"
"COD_SIHA_ZYOUKEN_KBN01","支払条件区分01","0","","","","lpa00","2008/07/08 10:53:00","fsol14","2009/12/02 15:15:07"
"COD_SIHA_ZYOUKEN_KBN02","支払条件区分02","0","","","","lpa00","2008/07/08 10:54:25","fsol14","2009/12/02 15:15:23"
"COD_SIHA_ZYOUKEN_KBN03","支払条件区分03","0","","","","fsol07","2011/02/17 11:15:13","fsol07","2011/02/17 11:15:13"
"COD_SIHARAI_STS_KBN01","支払状態区分01","0","","","","lpa00","2011/03/09 15:11:00","lpa00","2011/03/09 15:11:00"
"COD_SIME_KBN01","締区分01","0","","","","sis05","2008/07/10 14:00:43","fsol14","2009/12/02 15:15:32"
"COD_SIME_KIZYUN_KBN01","締基準区分01","0","","","","fsol07","2011/02/01 18:44:16","fsol07","2011/02/01 18:44:16"
"COD_SINSEI_TAISYOU_KBN01","申請対象区分01","0","","","","base08","2008/12/12 17:02:01","fsol14","2009/12/02 15:15:59"
"COD_SINSEI_TAISYOU_KBN02","申請対象区分02","0","","","","sis05","2008/07/10 14:08:55","fsol14","2009/12/02 15:16:15"
"COD_SIRE_KAKAKU_KBN01","仕入価格変更区分01","0","","","","fsol05","2009/04/15 17:47:06","fsol14","2009/12/02 15:16:29"
"COD_SITEI_KBN01","指定区分01","0","","","","fsol05","2009/03/23 20:12:58","fsol14","2009/12/02 15:16:45"
"COD_SOUKATU_KBN01","総括区分01","1"," ","","","lpa00","2008/07/08 10:59:42","fsol14","2009/12/02 15:16:54"
"COD_SOUKATU_KBN02","総括区分02","0","","","","lpa03","2009/02/03 13:51:05","fsol14","2009/12/02 15:17:09"
"COD_STS_TYUSYUTU_KBN01","状態抽出区分01","0","","","","lpa00","2011/03/09 15:10:21","lpa00","2011/03/09 15:10:21"
"COD_SUITOU_IN_KBN01","出納入力区分01","0","","","","lpa03","2011/03/18 19:05:33","lpa03","2011/03/18 19:05:33"
"COD_SYORI_HANI01","処理範囲01","1"," ","全て","","fsol07","2011/02/01 18:39:10","fsol07","2011/02/01 18:39:10"
"COD_SYORI_KBN01","処理区分01","0","","","","fsol07","2008/07/08 15:25:01","fsol14","2009/12/02 15:17:23"
"COD_SYORI_KBN02","処理区分02","0","","","","fsol07","2008/07/08 15:09:18","fsol14","2009/12/02 15:17:33"
"COD_SYORI_KBN03","処理区分03","0","","","","fsol07","2008/07/08 15:09:00","fsol14","2009/12/02 15:18:22"
"COD_SYORI_KBN04","処理区分04","0","","","","fsol07","2008/07/08 15:08:41","fsol14","2009/12/02 15:18:46"
"COD_SYORI_KBN05","処理区分05","0","","","","fsol07","2008/07/08 15:07:53","fsol14","2009/12/02 15:18:53"
"COD_SYORI_KBN06","処理区分06","0","","","","fsol07","2008/07/08 15:07:34","fsol14","2009/12/02 15:19:01"
"COD_SYORI_KBN07","処理区分07","0","","","","fsol07","2008/07/08 15:07:05","fsol14","2009/12/02 15:22:48"
"COD_SYORI_KBN08","処理区分08","0","","","","fsol07","2008/07/08 15:06:42","fsol14","2009/12/02 15:23:44"
"COD_SYORI_KBN09","処理区分09","0","","","","fsol07","2008/07/08 15:06:23","fsol14","2009/12/02 15:24:08"
"COD_SYORI_KBN10","処理区分10","0","","","","fsol07","2008/07/08 15:01:00","fsol14","2009/12/02 15:24:22"
"COD_SYORI_KBN11","処理区分11","0","","","","fsol07","2008/07/08 15:00:39","fsol14","2009/12/02 15:24:30"
"COD_SYORI_KBN12","処理区分12","0","","","","fsol07","2008/07/08 15:00:22","fsol14","2009/12/02 15:24:38"
"COD_SYORI_KBN13","処理区分13","0","","","","fsol07","2008/07/08 14:59:57","fsol14","2009/12/02 15:24:44"
"COD_SYORI_KBN14","処理区分14","0","","","","fsol07","2008/07/08 14:59:37","fsol14","2009/12/02 15:24:50"
"COD_SYORI_KBN15","処理区分15","0","","","","fsol07","2008/07/08 14:59:18","fsol14","2009/12/02 15:25:16"
"COD_SYORI_KBN16","処理区分16","0","","","","fsol03","2008/07/14 10:51:35","fsol14","2009/12/02 15:25:24"
"COD_SYORI_KBN17","処理区分17","0","","","","sis00","2008/07/29 18:46:12","fsol14","2009/12/02 15:25:33"
"COD_SYORI_KBN19","処理区分19","0","","","","lpa02","2008/08/18 18:54:27","fsol14","2009/12/02 15:26:15"
"COD_SYORI_KBN20","処理区分20","0","","","","lpa01","2008/08/19 15:20:54","fsol14","2009/12/02 15:26:22"
"COD_SYORI_KBN21","処理区分21","0","","","","base09","2008/12/09 14:45:43","fsol14","2009/12/02 15:26:29"
"COD_SYORI_KBN22","処理区分22","0","","","","base08","2008/12/11 11:48:24","fsol14","2009/12/02 15:31:12"
"COD_SYORI_KBN23","処理区分23","0","","","","fsol05","2009/03/23 20:12:58","fsol14","2009/12/02 15:31:20"
"COD_SYORI_KBN24","処理区分24","0","","","","fsol05","2009/03/23 20:12:58","fsol14","2009/12/02 15:31:27"
"COD_SYORI_KBN25","処理区分25","0","","","","fsol10","2011/01/06 22:40:34","fsol10","2011/01/18 21:03:09"
"COD_SYORI_KBN26","処理区分26","0","","","","fsol07","2011/01/24 12:04:28","fsol07","2011/01/24 12:08:25"
"COD_SYORI_KBN27","処理区分27","0","","","","fsol07","2011/01/26 13:41:47","fsol07","2011/01/26 13:41:47"
"COD_SYORI_KBN28","処理区分28","0","","","","fsol07","2011/02/17 11:21:04","fsol07","2011/02/17 11:21:04"
"COD_SYOUNIN_STS01","承認状態01","0","","","","wt01","2008/07/23 11:53:34","fsol14","2009/12/02 15:35:30"
"COD_SYUKKIN_KBN01","出金区分01","0","","","","fsol07","2011/02/17 11:23:44","fsol07","2011/02/17 11:23:44"
"COD_SYURI_KBN01","修理区分01","1"," "," ","","fsol05","2009/03/23 20:12:58","fsol05","2009/03/24 11:26:55"
"COD_SYURI_ZYOUKYOU_KBN01","修理状況区分01","1"," ","全て","","fsol05","2009/03/23 20:12:58","fsol05","2010/01/19 15:16:26"
"COD_SYURI_ZYOUKYOU_KBN02","修理状況区分02","1"," ","全て","","fsol05","2010/01/19 15:15:47","fsol05","2010/01/19 15:15:47"
"COD_TAISYOU_HANBAI_KBN01","対象販売先区分01","0","","","","fsol07","2011/02/17 11:11:07","fsol07","2011/02/17 11:11:07"
"COD_TAISYOU_KBN01","対象区分01","0","","","","fsol05","2009/04/15 17:47:06","fsol14","2009/12/02 15:32:02"
"COD_TAISYOU_SIMEBI_KBN01","対象締日区分01","0","","","","fsol10","2011/01/06 22:40:34","fsol10","2011/01/06 22:40:34"
"COD_TAISYOU_TOK_KBN01","対象得意先区分01","0","","","","fsol10","2011/01/06 22:40:34","fsol10","2011/01/06 22:40:34"
"COD_TAISYOUGAI_KBN01","対象外区分01","0","","","","sis05","2008/07/10 14:07:39","fsol14","2009/12/02 15:32:09"
"COD_TAN_HIKIAGE_RIYU01","単独引上理由区分01","0","","","","fsol05","2009/03/23 20:12:58","fsol14","2009/12/02 15:32:16"
"COD_TAN_MARUME_KBN01","単価丸め区分01","1"," "," ","","fsol10","2009/05/26 18:00:19","fsol14","2009/12/02 15:35:49"
"COD_TAN_MARUME_KETA_KBN01","単価丸め桁数区分01","1"," "," ","","fsol10","2009/05/26 18:02:01","fsol14","2009/12/02 15:35:55"
"COD_TAX_CALC_KBN01","消費税計算区分01","1"," "," ","","lpa01","2008/08/18 19:57:39","fsol14","2009/12/02 15:36:10"
"COD_TAX_KBN01","消費税区分01","1"," "," ","","lpa00","2008/07/08 11:26:16","fsol14","2009/12/02 15:36:21"
"COD_TAX_KBN02","消費税区分02","0","","","","fsol14","2008/10/14 10:02:10","fsol14","2009/12/02 15:36:27"
"COD_TAX_KBN03","消費税区分03","0","","","","fsol07","2011/01/26 13:46:09","fsol07","2011/01/26 13:46:09"
"COD_TAX_KBN04","消費税区分04","0","","","","fsol07","2011/02/17 11:24:14","lpa03","2011/03/18 19:04:14"
"COD_TAX_MARUME_KBN01","消費税丸め区分01","1"," "," ","","lpa01","2008/08/18 20:08:29","fsol14","2009/12/02 15:36:33"
"COD_TAX_MARUME_KETA_KBN01","消費税丸め桁数区分01","1"," "," ","","lpa01","2008/08/18 20:04:41","fsol14","2009/12/02 15:36:39"
"COD_TAX_TYOUSEI_KBN01","消費税調整区分01","1"," "," ","","lpa01","2008/08/18 19:59:20","fsol14","2009/12/02 15:36:49"
"COD_TAX_ZYOUKEN_KBN01","消費税計算条件区分01","0","","","","fsol07","2011/02/01 18:46:50","fsol07","2011/02/01 18:46:50"
"COD_TC_SAGYOU_MEI_KBN01","ＴＣ作業明細区分01","0","","","","fsol05","2009/04/15 17:47:06","fsol14","2009/12/02 15:36:55"
"COD_TC_TYOUHYOU_KBN","TC帳票区分","0","","","","fsol05","2009/03/23 20:12:58","fsol05","2009/03/23 20:14:10"
"COD_TEGATA_SYURUI_KBN01","手形種類区分01","0","","","","fsol10","2011/01/06 22:40:34","fsol10","2011/01/06 22:40:34"
"COD_TEI_HEN_SINSEI_KBN01","口座停止変更申請区分01","0","","","","sis02","2008/07/02 09:53:19","fsol14","2009/12/02 15:37:02"
"COD_TEISEI_RIYU_KBN01","訂正理由区分01","0","","","","fsol05","2009/03/23 20:12:58","fsol14","2009/12/02 15:37:09"
"COD_TEIZIH_SINSEI_KBN01","定時Ｈ申請区分01","0","","","","fsol07","2011/01/26 14:36:06","fsol07","2011/01/26 14:36:06"
"COD_TEIZIR_ZYOUKEN_KBN01","流通リベート条件区分01","0","","","","fsol07","2011/02/17 11:03:44","fsol07","2011/02/17 11:03:44"
"COD_TOKUSYU_POST_NO_KBN01","特殊郵便番号区分","0","","","","fsol09","2009/01/29 19:11:59","fsol09","2009/01/29 19:14:13"
"COD_TORIHIKI_KBN01","取引区分01","0","","","","lpa01","2008/08/18 19:54:33","fsol14","2009/12/02 15:37:15"
"COD_TORIHIKI_KBN02","取引区分02","1"," "," ","","fsol10","2011/01/06 22:40:34","fsol10","2011/01/06 23:00:11"
"COD_TOSOU_KBN01","塗装区分01","0","","","","fsol05","2009/06/12 18:04:56","fsol14","2009/12/02 15:37:25"
"COD_TOUROKU_KBN01","登録区分01","0","","","","lpa01","2008/08/18 19:51:59","fsol14","2009/12/02 15:37:31"
"COD_TOUROKU_SYORI_KBN01","登録処理区分01","0","","","","lpa00","2008/07/11 16:12:27","fsol14","2009/12/02 15:37:37"
"COD_TYOUAI_SIHA_KBN01","帳合支払区分01","0","","","","fsol07","2011/02/01 18:43:01","fsol07","2011/02/01 18:43:01"
"COD_TYOUHYOU_OUT_NAIYOU01","帳票出力内容01","0","","","","fsol23","2011/02/25 19:09:15","fsol23","2011/02/25 19:09:15"
"COD_TYOUKA_KIKAN_KBN01","超過期間区分01","0","","","","fsol10","2011/01/06 22:40:34","fsol10","2011/01/06 22:40:34"
"COD_TYUMON_KBN01","注文区分01","0","","","","fsol14","2008/10/10 16:45:40","fsol14","2009/12/02 15:37:42"
"COD_TYUSYUTU_TAISYOU01","抽出対象01","0","","","","fsol07","2011/01/26 14:31:20","fsol07","2011/01/26 14:31:20"
"COD_TYUSYUTU_ZYOUKEN_KBN01","抽出条件区分01","0","","","","fsol10","2011/01/06 22:40:34","fsol10","2011/01/06 22:40:34"
"COD_TYUSYUTU_ZYOUKEN01","手数料再計算対象抽出条件01","0","","","","base08","2008/12/12 10:45:43","fsol14","2009/12/02 15:37:49"
"COD_UMU_KBN01","有無区分01","1"," "," ","","lpa00","2008/07/08 11:07:59","fsol14","2009/12/02 15:37:55"
"COD_URAGAKI_KBN01","裏書区分01","0","","","","fsol10","2011/01/06 22:40:34","fsol10","2011/01/06 22:40:34"
"COD_URI_HOUKOKU_KBN01","売上報告区分01","0","","","","lpa00","2008/07/08 11:17:27","fsol14","2009/12/02 15:38:01"
"COD_URI_HOUKOKU_KBN02","売上報告区分02","1"," ","","","base03","2009/01/20 11:02:26","fsol14","2009/12/02 15:38:08"
"COD_URI_SYUKEI_KBN01","売上集計区分01","0","","","","lpa01","2008/08/18 20:20:33","fsol14","2009/12/02 15:38:19"
"COD_WF_SINSEI_STS01","ワークフロー申請状態01","0","","","","base01","2008/12/10 10:29:45","fsol14","2009/12/02 15:38:30"
"COD_YAKU_HYOUZI_KBN01","役職表示区分01","0","","","","fsol10","2008/10/23 09:43:30","fsol14","2009/12/02 15:38:41"
"COD_YUSYO_MUSYO_KBN01","有償無償区分01","0","","","","fsol05","2009/03/23 20:12:58","fsol14","2009/12/02 15:38:47"
"COD_ZANSAI_RENTAL_KBN01","残債レンタル区分01","0","","","","fsol05","2009/03/23 20:12:58","fsol14","2009/12/02 15:39:34"
"COD_ZIHANKI_KBN01","自販機区分01","0","","","","fsol05","2009/03/23 20:12:58","fsol14","2009/12/02 15:39:43"
"COD_ZIHANKI_KBN02","自販機区分02","0","","","","fsol05","2009/03/23 20:12:58","fsol14","2009/12/02 15:39:49"
"COD_ZIHANKI_KBN03","自販機区分03","0","","","","fsol05","2009/05/13 09:57:32","fsol14","2009/12/02 15:39:58"
"COD_ZIKKOU_KBN01","実行区分01","0","","","","lpa00","2008/07/11 15:18:29","fsol14","2009/12/02 15:40:03"
"COD_ZIKO_HUTAN_KBN","事故負担区分01","0","","","","fsol05","2009/03/23 20:12:58","fsol14","2009/12/02 15:40:09"
"COD_ZIKO_NAIYOU_KBN01","事故内容区分01","0","","","","fsol05","2009/03/23 20:12:58","fsol14","2009/12/02 15:40:15"
"COD_ZITUKADOU_KBN01","実稼働区分01","0","","","","fsol05","2009/03/23 20:12:58","fsol14","2009/12/02 15:40:21"
"COD_ZITUKADOU_KBN02","実稼働区分02","0","","","","fsol05","2009/04/15 17:47:06","fsol14","2009/12/02 15:40:42"
"COD_ZYOUKEN_TEKIYOU_KBN01","流通リベート条件適用区分01","0","","","","fsol07","2011/02/17 11:06:36","fsol07","2011/02/17 11:06:36"
